<?xml version="1.0" encoding="UTF-8"?><MxML version="1-1"><documentProperties><producedBy><partyName>RABOBANK</partyName><user><name>MUREXFO</name><group>FO</group><desk>FOD EUROPE</desk><code/></user></producedBy><systemDate>20210106</systemDate><accountingDate>00000000</accountingDate><computerDate>20210222</computerDate><computerTime>14:25:41</computerTime></documentProperties><contracts><contract mefClass="mxContractISINGLE" mefClassInstanceType="77.000000" mefClassInstanceLabel="Spot-Forward" id="contract_7330480"><businessObjectId mefClass="mxContractISINGLE" mefClassInstanceType="77"><identifier>7330480</identifier><baseIdentifier>7330480</baseIdentifier><versionIdentifier><versionRevision><versionNumber>2</versionNumber><versionDateAndTime><date>00000000</date></versionDateAndTime></versionRevision></versionIdentifier><primarySystem>MX</primarySystem></businessObjectId><contractId><internalId>7330480</internalId><rootContract>7330480</rootContract></contractId><regulatoryInformation><regulatoryIdentifiers><partyTradeIdentifier><issuer/><tradeId/></partyTradeIdentifier><centralCounterpartyId/></regulatoryIdentifiers><clearingEligibility>false</clearingEligibility><clearingMandatory>false</clearingMandatory><clearingDecision>false</clearingDecision><nettingEligibility customized="false">false</nettingEligibility></regulatoryInformation><contractBusinessObjectTemplate><businessObjectId><identifier>0</identifier><displayLabel/></businessObjectId></contractBusinessObjectTemplate><contractHeader><collateralAgreement><excludeFromPool>false</excludeFromPool></collateralAgreement><contractCategory><typology>Spot</typology><mainTypologyPath>/Typologies/ALL/Spot</mainTypologyPath><usage>DEFAULT</usage><onshoreOffshore>NONE</onshoreOffshore><collateralAgreementCategory>UNCOLLATERALISED</collateralAgreementCategory><pricingCounterparty href="#_6804"/></contractCategory><contractAgreements><settlementMethod/></contractAgreements><contractSource><sourceSystem>Theoretical</sourceSystem><sourceModule>eMarkets</sourceModule><originPublishingSystem>MX</originPublishingSystem><publishingSystem>MX</publishingSystem><packageReference mefClass="mxContractIPACKAGE_SINGLE"><businessObjectId mefClass="mxContractIPACKAGE_SINGLE" mefClassInstanceType="0"><identifier>7330481</identifier><primarySystem>MX</primarySystem></businessObjectId><packageId><internalId>7330481</internalId><creatorId>0</creatorId></packageId></packageReference><contractEventReference mefClass=""><contractEventId><internalId>0</internalId></contractEventId></contractEventReference><contractCreatorReference mefClass=""/><contractOriginReference mefClass="mxContractISINGLE"><businessObjectId mefClass="mxContractISINGLE" mefClassInstanceType="77"><identifier>7330480</identifier><primarySystem>MX</primarySystem></businessObjectId><contractId><internalId>7330480</internalId><rootContract>7330480</rootContract></contractId></contractOriginReference><version>2</version><lastContractEventReference mefClass="mxContractEventICANCEL"><contractEventId><internalId>27833288</internalId><businessObjectId><identifier>27833288</identifier><baseIdentifier>27833288</baseIdentifier><versionIdentifier><versionRevision><versionNumber>1</versionNumber><versionDateAndTime><date>00000000</date></versionDateAndTime></versionRevision></versionIdentifier><primarySystem>MX</primarySystem></businessObjectId></contractEventId></lastContractEventReference><lastContractEventAction>INSERT</lastContractEventAction><originContractEventReference mefClass=""><contractEventId><internalId>0</internalId></contractEventId></originContractEventReference><originDate>20201230</originDate><workflowParties><wopInitiator><role>SND</role><name>SYS_AUTO</name><group>SYS_FO</group></wopInitiator><wopLastActor><role>RCV</role><name>CLERISSEA</name><group>M_UT_SALES</group></wopLastActor><wopInternalTrader><name>CLERISSEA</name><group/></wopInternalTrader><wopInternalPortfolio><portfolio id="LOFXSP_EMKT_UT"><portfolioLabel>LOFXSP_EMKT_UT</portfolioLabel></portfolio><wopIsBackToBack>N</wopIsBackToBack></wopInternalPortfolio><wopParties/></workflowParties></contractSource></contractHeader><inputConditions><inputBy/><areaCode>0</areaCode><timestamp>20201230 01:10:22:290</timestamp><modified>true</modified></inputConditions><contractComponents><contractComponent><typologyId>2</typologyId><tradeReference href="#trade_7881560"/></contractComponent></contractComponents><legalMasterAgreement/><legalMasterConfirmationAgreement/></contract></contracts><trades><trade mefClass="mxContractITRADE" mefClassInstanceType="77.000000" id="trade_7881560"><businessObjectId mefClass="mxContractITRADE" mefClassInstanceType="77"><identifier>7881560</identifier><baseIdentifier>7881560</baseIdentifier><versionIdentifier><versionRevision><versionNumber>2</versionNumber><versionDateAndTime><date>00000000</date></versionDateAndTime></versionRevision></versionIdentifier><primarySystem>MX</primarySystem></businessObjectId><parties><party id="RABOBANK"><partyName>RABOBANK</partyName><partyFullName>RABOBANK</partyFullName><partyCode>RABOBANK22</partyCode></party><party id="_6804"><partyName>CTP_6804</partyName></party></parties><portfolios><portfolio id="LOFXSP_EMKT_UT"><portfolioLabel>LOFXSP_EMKT_UT</portfolioLabel></portfolio><portfolio id="UTFX_WASH"><portfolioLabel>UTFX_WASH</portfolioLabel></portfolio></portfolios><tradeHeader><tradeDate>20201230</tradeDate><tradeCategory><tradeDestination>internal</tradeDestination><tradeFamily>CURR</tradeFamily><tradeGroup>FXD</tradeGroup><tradeType>FXD</tradeType><typology>Spot</typology><mainTypologyPath>/Typologies/ALL/Spot</mainTypologyPath><usage>DEFAULT</usage><collateralAgreementCategory>UNCOLLATERALISED</collateralAgreementCategory><pricingCounterparty href="#_6804"/></tradeCategory><tradeSource><tradeOriginId>7881560</tradeOriginId><replacementDate>20201230</replacementDate><originPublishingSystemID>7881560</originPublishingSystemID></tradeSource><tradeViews><tradeView><partyReference href="#RABOBANK"><portfolioReference href="#LOFXSP_EMKT_UT"/></partyReference><userName>CLERISSEA</userName><accountingSection>FVTPL</accountingSection><entity>EUROPE_EUR</entity><legalEntity>CRUA-UT</legalEntity><tradeId><tradeInternalId>7881560</tradeInternalId><hostingSystem>MX</hostingSystem><publishingSystemID>7881560</publishingSystemID></tradeId><comments><comment index="0">BCOMMENT0</comment></comments></tradeView><tradeView><partyReference href="#RABOBANK"><portfolioReference href="#UTFX_WASH"/></partyReference><userName>CLERISSEA</userName><accountingSection>FVTPL</accountingSection><entity>EUROPE_EUR</entity><legalEntity>CRUA-UT</legalEntity><tradeId><tradeInternalId>7881560</tradeInternalId><hostingSystem>MX</hostingSystem><publishingSystemID>7881560</publishingSystemID></tradeId><comments><comment index="0">SCOMMENT0</comment></comments></tradeView></tradeViews><tradeUserDefinedFields><userDefinedField><fieldLabel>ACTUA_SLOC</fieldLabel><fieldIndex>0</fieldIndex><fieldValue>NL</fieldValue><fieldType>character</fieldType></userDefinedField><userDefinedField><fieldLabel>ADDR_TYPE</fieldLabel><fieldIndex>1</fieldIndex><fieldValue>NONE</fieldValue><fieldType>character</fieldType></userDefinedField><userDefinedField><fieldLabel>BANK_MID</fieldLabel><fieldIndex>6</fieldIndex><fieldValue>0.</fieldValue><fieldType>numeric</fieldType></userDefinedField><userDefinedField><fieldLabel>BOB</fieldLabel><fieldIndex>9</fieldIndex><fieldValue>NL</fieldValue><fieldType>character</fieldType></userDefinedField><userDefinedField><fieldLabel>COM_HEDGE</fieldLabel><fieldIndex>30</fieldIndex><fieldValue>Y</fieldValue><fieldType>character</fieldType></userDefinedField><userDefinedField><fieldLabel>CONFIRMABL</fieldLabel><fieldIndex>31</fieldIndex><fieldValue>Y</fieldValue><fieldType>character</fieldType></userDefinedField><userDefinedField><fieldLabel>DELIV_TYPE</fieldLabel><fieldIndex>43</fieldIndex><fieldValue>CASH</fieldValue><fieldType>character</fieldType></userDefinedField><userDefinedField><fieldLabel>DIST_DESC</fieldLabel><fieldIndex>46</fieldIndex><fieldValue>Buy 407,166 EUR against USD on 04 jan 2021 (spot) @ 1.2280</fieldValue><fieldType>character</fieldType></userDefinedField><userDefinedField><fieldLabel>DIST_STAT</fieldLabel><fieldIndex>47</fieldIndex><fieldValue>Tradable</fieldValue><fieldType>character</fieldType></userDefinedField><userDefinedField><fieldLabel>DIST_TTL</fieldLabel><fieldIndex>48</fieldIndex><fieldValue>0</fieldValue><fieldType>numeric</fieldType></userDefinedField><userDefinedField><fieldLabel>EMACCNAME</fieldLabel><fieldIndex>52</fieldIndex><fieldValue>CorpSales</fieldValue><fieldType>character</fieldType></userDefinedField><userDefinedField><fieldLabel>EMEXDT</fieldLabel><fieldIndex>54</fieldIndex><fieldValue>2020-12-30T01:10:21.765613+00:00</fieldValue><fieldType>character</fieldType></userDefinedField><userDefinedField><fieldLabel>EMKTSOURCE</fieldLabel><fieldIndex>55</fieldIndex><fieldValue>RocketInt</fieldValue><fieldType>character</fieldType></userDefinedField><userDefinedField><fieldLabel>EMKTSPID</fieldLabel><fieldIndex>56</fieldIndex><fieldValue>RISL1cc620340-8978-44eb-b1a3-04c926b9b0ea</fieldValue><fieldType>character</fieldType></userDefinedField><userDefinedField><fieldLabel>EMMIDRATE</fieldLabel><fieldIndex>57</fieldIndex><fieldValue>0.</fieldValue><fieldType>numeric</fieldType></userDefinedField><userDefinedField><fieldLabel>EMRSKHDGID</fieldLabel><fieldIndex>58</fieldIndex><fieldValue>riskhedgegroupRSp</fieldValue><fieldType>character</fieldType></userDefinedField><userDefinedField><fieldLabel>EMSYSNAME</fieldLabel><fieldIndex>59</fieldIndex><fieldValue>RocketInt</fieldValue><fieldType>character</fieldType></userDefinedField><userDefinedField><fieldLabel>EMUCOMRATE</fieldLabel><fieldIndex>60</fieldIndex><fieldValue>0.</fieldValue><fieldType>numeric</fieldType></userDefinedField><userDefinedField><fieldLabel>ETRADEREF</fieldLabel><fieldIndex>61</fieldIndex><fieldValue>RISL1cc620340-8978-44eb-b1a3-04c926b9b0ea</fieldValue><fieldType>character</fieldType></userDefinedField><userDefinedField><fieldLabel>EURUSD</fieldLabel><fieldIndex>62</fieldIndex><fieldValue>1.2253</fieldValue><fieldType>numeric</fieldType></userDefinedField><userDefinedField><fieldLabel>EXEC_ID</fieldLabel><fieldIndex>66</fieldIndex><fieldValue>RISL1cc620340-8978-44eb-b1a3-04c926b9b0ea</fieldValue><fieldType>character</fieldType></userDefinedField><userDefinedField><fieldLabel>EXEC_MIC</fieldLabel><fieldIndex>67</fieldIndex><fieldValue>RABO</fieldValue><fieldType>character</fieldType></userDefinedField><userDefinedField><fieldLabel>EXEC_TS</fieldLabel><fieldIndex>68</fieldIndex><fieldValue>2020-12-30T02:10:22.319000+01:00</fieldValue><fieldType>character</fieldType></userDefinedField><userDefinedField><fieldLabel>EXEC_TYPE</fieldLabel><fieldIndex>69</fieldIndex><fieldValue>NON-SEF</fieldValue><fieldType>character</fieldType></userDefinedField><userDefinedField><fieldLabel>EXEFRM_ID</fieldLabel><fieldIndex>70</fieldIndex><fieldValue>CLERISSEA</fieldValue><fieldType>character</fieldType></userDefinedField><userDefinedField><fieldLabel>EXTMIDRATE</fieldLabel><fieldIndex>71</fieldIndex><fieldValue>0.</fieldValue><fieldType>numeric</fieldType></userDefinedField><userDefinedField><fieldLabel>EXT_CTP</fieldLabel><fieldIndex>72</fieldIndex><fieldValue>SOUFFLET</fieldValue><fieldType>character</fieldType></userDefinedField><userDefinedField><fieldLabel>FIELD57_B1</fieldLabel><fieldIndex>74</fieldIndex><fieldValue>SSI</fieldValue><fieldType>character</fieldType></userDefinedField><userDefinedField><fieldLabel>FIELD57_B2</fieldLabel><fieldIndex>75</fieldIndex><fieldValue>SSI</fieldValue><fieldType>character</fieldType></userDefinedField><userDefinedField><fieldLabel>FINCOST</fieldLabel><fieldIndex>76</fieldIndex><fieldValue>0.</fieldValue><fieldType>numeric</fieldType></userDefinedField><userDefinedField><fieldLabel>FINCOSTCCY</fieldLabel><fieldIndex>77</fieldIndex><fieldValue>EUR</fieldValue><fieldType>character</fieldType></userDefinedField><userDefinedField><fieldLabel>FIXYESNO</fieldLabel><fieldIndex>80</fieldIndex><fieldValue>No</fieldValue><fieldType>character</fieldType></userDefinedField><userDefinedField><fieldLabel>FOWARNING</fieldLabel><fieldIndex>81</fieldIndex><fieldValue>/ / / / / / / / / /</fieldValue><fieldType>character</fieldType></userDefinedField><userDefinedField><fieldLabel>IND_CLIENT</fieldLabel><fieldIndex>85</fieldIndex><fieldValue>CLIENT</fieldValue><fieldType>character</fieldType></userDefinedField><userDefinedField><fieldLabel>IND_SEC</fieldLabel><fieldIndex>86</fieldIndex><fieldValue>N</fieldValue><fieldType>character</fieldType></userDefinedField><userDefinedField><fieldLabel>IND_SHORT</fieldLabel><fieldIndex>87</fieldIndex><fieldValue>N</fieldValue><fieldType>character</fieldType></userDefinedField><userDefinedField><fieldLabel>INVCOST</fieldLabel><fieldIndex>89</fieldIndex><fieldValue>5.</fieldValue><fieldType>numeric</fieldType></userDefinedField><userDefinedField><fieldLabel>INVCOSTCCY</fieldLabel><fieldIndex>90</fieldIndex><fieldValue>EUR</fieldValue><fieldType>character</fieldType></userDefinedField><userDefinedField><fieldLabel>INVDEC_ID</fieldLabel><fieldIndex>91</fieldIndex><fieldValue>CLERISSEA</fieldValue><fieldType>character</fieldType></userDefinedField><userDefinedField><fieldLabel>IN_MRG_APP</fieldLabel><fieldIndex>92</fieldIndex><fieldValue>No</fieldValue><fieldType>character</fieldType></userDefinedField><userDefinedField><fieldLabel>LB_PROFIT</fieldLabel><fieldIndex>101</fieldIndex><fieldValue>0.</fieldValue><fieldType>numeric</fieldType></userDefinedField><userDefinedField><fieldLabel>LCL_MARGIN</fieldLabel><fieldIndex>102</fieldIndex><fieldValue>0.</fieldValue><fieldType>numeric</fieldType></userDefinedField><userDefinedField><fieldLabel>LIMITORDER</fieldLabel><fieldIndex>104</fieldIndex><fieldValue>Yes</fieldValue><fieldType>character</fieldType></userDefinedField><userDefinedField><fieldLabel>LIMIT_TYPE</fieldLabel><fieldIndex>105</fieldIndex><fieldValue>TAKE PROFIT</fieldValue><fieldType>character</fieldType></userDefinedField><userDefinedField><fieldLabel>LSTEV_TS</fieldLabel><fieldIndex>110</fieldIndex><fieldValue>2020-12-30T10:14:44.908000+01:00</fieldValue><fieldType>character</fieldType></userDefinedField><userDefinedField><fieldLabel>MARGN_AMNT</fieldLabel><fieldIndex>111</fieldIndex><fieldValue>0.</fieldValue><fieldType>numeric</fieldType></userDefinedField><userDefinedField><fieldLabel>MARGN_RATE</fieldLabel><fieldIndex>112</fieldIndex><fieldValue>0.</fieldValue><fieldType>numeric</fieldType></userDefinedField><userDefinedField><fieldLabel>MATCH_PLTF</fieldLabel><fieldIndex>115</fieldIndex><fieldValue>Misys</fieldValue><fieldType>character</fieldType></userDefinedField><userDefinedField><fieldLabel>MIG_JOB_ID</fieldLabel><fieldIndex>122</fieldIndex><fieldValue>0</fieldValue><fieldType>numeric</fieldType></userDefinedField><userDefinedField><fieldLabel>MRG_FLEG</fieldLabel><fieldIndex>124</fieldIndex><fieldValue>0.</fieldValue><fieldType>numeric</fieldType></userDefinedField><userDefinedField><fieldLabel>MRG_NLEG</fieldLabel><fieldIndex>127</fieldIndex><fieldValue>0.</fieldValue><fieldType>numeric</fieldType></userDefinedField><userDefinedField><fieldLabel>MRG_VAL</fieldLabel><fieldIndex>129</fieldIndex><fieldValue>0.</fieldValue><fieldType>numeric</fieldType></userDefinedField><userDefinedField><fieldLabel>NOM_DEN_FE</fieldLabel><fieldIndex>132</fieldIndex><fieldValue>0.</fieldValue><fieldType>numeric</fieldType></userDefinedField><userDefinedField><fieldLabel>NOM_DEN_NE</fieldLabel><fieldIndex>133</fieldIndex><fieldValue>0.</fieldValue><fieldType>numeric</fieldType></userDefinedField><userDefinedField><fieldLabel>NOM_NUM_FE</fieldLabel><fieldIndex>134</fieldIndex><fieldValue>0.</fieldValue><fieldType>numeric</fieldType></userDefinedField><userDefinedField><fieldLabel>NOM_NUM_NE</fieldLabel><fieldIndex>135</fieldIndex><fieldValue>0.</fieldValue><fieldType>numeric</fieldType></userDefinedField><userDefinedField><fieldLabel>O_PRICE</fieldLabel><fieldIndex>145</fieldIndex><fieldValue>0.</fieldValue><fieldType>numeric</fieldType></userDefinedField><userDefinedField><fieldLabel>O_PRICE1</fieldLabel><fieldIndex>146</fieldIndex><fieldValue>0.</fieldValue><fieldType>numeric</fieldType></userDefinedField><userDefinedField><fieldLabel>PENDING</fieldLabel><fieldIndex>147</fieldIndex><fieldValue>Yes</fieldValue><fieldType>character</fieldType></userDefinedField><userDefinedField><fieldLabel>PRIN_AGE</fieldLabel><fieldIndex>150</fieldIndex><fieldValue>Principal</fieldValue><fieldType>character</fieldType></userDefinedField><userDefinedField><fieldLabel>REG_SPOT</fieldLabel><fieldIndex>155</fieldIndex><fieldValue>Yes</fieldValue><fieldType>character</fieldType></userDefinedField><userDefinedField><fieldLabel>SHORTDATED</fieldLabel><fieldIndex>159</fieldIndex><fieldValue>Yes</fieldValue><fieldType>character</fieldType></userDefinedField><userDefinedField><fieldLabel>SPECULATIV</fieldLabel><fieldIndex>160</fieldIndex><fieldValue>N</fieldValue><fieldType>character</fieldType></userDefinedField><userDefinedField><fieldLabel>SPOT_AMT</fieldLabel><fieldIndex>162</fieldIndex><fieldValue>0.</fieldValue><fieldType>numeric</fieldType></userDefinedField><userDefinedField><fieldLabel>TRAD_CAPA</fieldLabel><fieldIndex>168</fieldIndex><fieldValue>DEAL</fieldValue><fieldType>character</fieldType></userDefinedField><userDefinedField><fieldLabel>TRDA_ONSEF</fieldLabel><fieldIndex>170</fieldIndex><fieldValue>No</fieldValue><fieldType>character</fieldType></userDefinedField><userDefinedField><fieldLabel>TRD_LCL_TS</fieldLabel><fieldIndex>171</fieldIndex><fieldValue>30-DEC-2020 01:10:22:322</fieldValue><fieldType>character</fieldType></userDefinedField><userDefinedField><fieldLabel>TRD_ON_DCM</fieldLabel><fieldIndex>172</fieldIndex><fieldValue>No</fieldValue><fieldType>character</fieldType></userDefinedField><userDefinedField><fieldLabel>T_LOCATION</fieldLabel><fieldIndex>173</fieldIndex><fieldValue>NL</fieldValue><fieldType>character</fieldType></userDefinedField><userDefinedField><fieldLabel>UPI</fieldLabel><fieldIndex>174</fieldIndex><fieldValue>ForeignExchange:Spot</fieldValue><fieldType>character</fieldType></userDefinedField><userDefinedField><fieldLabel>USDCNH</fieldLabel><fieldIndex>175</fieldIndex><fieldValue>No</fieldValue><fieldType>character</fieldType></userDefinedField><userDefinedField><fieldLabel>USDFWD1</fieldLabel><fieldIndex>176</fieldIndex><fieldValue>0.</fieldValue><fieldType>numeric</fieldType></userDefinedField><userDefinedField><fieldLabel>USDFWD2</fieldLabel><fieldIndex>177</fieldIndex><fieldValue>0.</fieldValue><fieldType>numeric</fieldType></userDefinedField><userDefinedField><fieldLabel>USDPAIR1</fieldLabel><fieldIndex>178</fieldIndex><fieldValue>EUR-USD</fieldValue><fieldType>character</fieldType></userDefinedField><userDefinedField><fieldLabel>USDSPOT1</fieldLabel><fieldIndex>180</fieldIndex><fieldValue>1.2253</fieldValue><fieldType>numeric</fieldType></userDefinedField><userDefinedField><fieldLabel>USDSPOT2</fieldLabel><fieldIndex>181</fieldIndex><fieldValue>0.</fieldValue><fieldType>numeric</fieldType></userDefinedField><userDefinedField><fieldLabel>U_EXEC_TS</fieldLabel><fieldIndex>195</fieldIndex><fieldValue>2020-12-30T02:10:22.319000+01:00</fieldValue><fieldType>character</fieldType></userDefinedField><userDefinedField><fieldLabel>U_LSTEV_TS</fieldLabel><fieldIndex>196</fieldIndex><fieldValue>2020-12-30T10:14:44.908000+01:00</fieldValue><fieldType>character</fieldType></userDefinedField><userDefinedField><fieldLabel>VAAMT</fieldLabel><fieldIndex>198</fieldIndex><fieldValue>0.</fieldValue><fieldType>numeric</fieldType></userDefinedField><userDefinedField><fieldLabel>VAAMTCCY</fieldLabel><fieldIndex>199</fieldIndex><fieldValue>USD</fieldValue><fieldType>character</fieldType></userDefinedField><userDefinedField><fieldLabel>VAR_NOTNL</fieldLabel><fieldIndex>200</fieldIndex><fieldValue>N</fieldValue><fieldType>character</fieldType></userDefinedField><userDefinedField><fieldLabel>VOICE_ELEC</fieldLabel><fieldIndex>201</fieldIndex><fieldValue>VOICE</fieldValue><fieldType>character</fieldType></userDefinedField><userDefinedField><fieldLabel>XVA_AMOUNT</fieldLabel><fieldIndex>202</fieldIndex><fieldValue>0</fieldValue><fieldType>numeric</fieldType></userDefinedField></tradeUserDefinedFields><tradeFees/><tradeAgreements><paymentNetting>true</paymentNetting></tradeAgreements><contractReference mefClass="mxContractISINGLE"><businessObjectId mefClass="mxContractISINGLE" mefClassInstanceType="77"><identifier>7330480</identifier><primarySystem>MX</primarySystem></businessObjectId><contractId><internalId>7330480</internalId><rootContract>7330480</rootContract></contractId></contractReference><tradeProcessing><nonUnwoundRatio>0</nonUnwoundRatio><remainingLiveQuantity>0</remainingLiveQuantity></tradeProcessing><tradeAccountingInfo><tradeHedging><hedgedTransactionSold>false</hedgedTransactionSold></tradeHedging></tradeAccountingInfo></tradeHeader><tradeBody><fxSpotForward><currency1Flow><payerPartyReference href="#RABOBANK"><portfolioReference href="#LOFXSP_EMKT_UT"/></payerPartyReference><receiverPartyReference href="#RABOBANK"><portfolioReference href="#UTFX_WASH"/></receiverPartyReference><date>20210104</date><currency>USD</currency><amount>500000</amount></currency1Flow><currency2Flow><payerPartyReference href="#RABOBANK"><portfolioReference href="#UTFX_WASH"/></payerPartyReference><receiverPartyReference href="#RABOBANK"><portfolioReference href="#LOFXSP_EMKT_UT"/></receiverPartyReference><date>20210104</date><currency>EUR</currency><amount>407166.1237785</amount></currency2Flow><exchangeRate><fxQuotation><currency1>USD</currency1><currency2>EUR</currency2><fxQuoteBasis>currency1PerCurrency2</fxQuoteBasis><formFactor>1</formFactor></fxQuotation><rate>1.228</rate></exchangeRate><fxAsianAverageRounding>Disabled</fxAsianAverageRounding><forwardDelivery>spot</forwardDelivery><spotDate>20210104</spotDate><fxSpot><fxQuotation><currency1>USD</currency1><currency2>EUR</currency2><fxQuoteBasis>currency1PerCurrency2</fxQuoteBasis><formFactor>1</formFactor></fxQuotation><rate>1.228</rate></fxSpot><fxQuantitiesInputMode>oneQuantity</fxQuantitiesInputMode><riskSection>EUR/USD</riskSection></fxSpotForward></tradeBody><confirmationInstructions/><tradeImpacts><tradeImpact mefClass="mxContractEventIIMPACT_CANCEL"><contractEventImpactHeader><contractEventImpactId><internalId>11279389</internalId></contractEventImpactId><contractEventImpactDate>20201230</contractEventImpactDate><version>2</version><cancelVersion>0</cancelVersion><contractEventReference mefClass="mxContractEventICANCEL"><contractEventId><internalId>27833288</internalId></contractEventId></contractEventReference></contractEventImpactHeader><tradeReference href="#trade_7881560"><tradeId><tradeInternalId>7881560</tradeInternalId><hostingSystem>MX</hostingSystem><publishingSystemID>7881560</publishingSystemID></tradeId></tradeReference><contractEventImpactDescription><impactQuantity>407166.1237785</impactQuantity><impactQuantityIndex>0</impactQuantityIndex><impactType>2</impactType><impactSource>LOFXSP_EMKT_UT</impactSource><impactInitialQuantity>407166.1237785</impactInitialQuantity></contractEventImpactDescription></tradeImpact><tradeImpact mefClass="mxContractEventIIMPACT_CANCEL"><contractEventImpactHeader><contractEventImpactId><internalId>11279390</internalId></contractEventImpactId><contractEventImpactDate>20201230</contractEventImpactDate><version>2</version><cancelVersion>0</cancelVersion><contractEventReference mefClass="mxContractEventICANCEL"><contractEventId><internalId>27833288</internalId></contractEventId></contractEventReference></contractEventImpactHeader><tradeReference href="#trade_7881560"><tradeId><tradeInternalId>7881560</tradeInternalId><hostingSystem>MX</hostingSystem><publishingSystemID>7881560</publishingSystemID></tradeId></tradeReference><contractEventImpactDescription><impactQuantity>407166.1237785</impactQuantity><impactQuantityIndex>0</impactQuantityIndex><impactType>2</impactType><impactSource>UTFX_WASH</impactSource><impactInitialQuantity>407166.1237785</impactInitialQuantity></contractEventImpactDescription></tradeImpact></tradeImpacts><operations><operation><operationId>27833288</operationId></operation></operations><tradeInputConditions><inputBy><userName>CLERISSEA</userName><code>S-1-5-21-1214440339-329068152-725345543-577547</code><partyReference href="#RABOBANK"><portfolioReference href="#LOFXSP_EMKT_UT"/></partyReference></inputBy><systemDate>20201230</systemDate><computerDate>20201230</computerDate><validityDate>20201230</validityDate><computerTime>02:10:22</computerTime><areaCode>0</areaCode><lateTrading>earlyTrading</lateTrading><timestamp>20201230 01:10:22:290</timestamp><modified>true</modified><initialData/><executionTimestamp>2020-12-30T01:10:22.290</executionTimestamp></tradeInputConditions><tradeStatus><physicalStatus>dead</physicalStatus></tradeStatus><tradeVersions><tradeVersion><businessObjectId><identifier>7881560</identifier><baseIdentifier>7881560</baseIdentifier><versionIdentifier><versionRevision><versionNumber>1</versionNumber><versionDateAndTime><date>00000000</date></versionDateAndTime></versionRevision></versionIdentifier><primarySystem>MX</primarySystem></businessObjectId><contractEventReference mefClass=""><contractEventId><internalId>0</internalId></contractEventId></contractEventReference><eventVersion>0</eventVersion><contractEventOriginReference mefClass=""><contractEventId><internalId>0</internalId><businessObjectId><versionIdentifier><versionRevision><versionNumber>1</versionNumber><versionDateAndTime><date>00000000</date></versionDateAndTime></versionRevision></versionIdentifier><primarySystem>MX</primarySystem></businessObjectId></contractEventId></contractEventOriginReference><action>INSERT</action><date>20201230</date><validityDate>20201230</validityDate><timestamp>2020/12/30 01:10:22.290</timestamp><lateTrading>N</lateTrading><tradePurpose>MfBJy44236</tradePurpose><tradePurposeDisplayedLabel>Contract</tradePurposeDisplayedLabel><tradePurposeId>0</tradePurposeId><stpStatuses><stpStatus><stpStatusKey>STP_STATUS_VALIDATION_LEVEL</stpStatusKey><stpStatusValue>Final</stpStatusValue></stpStatus><stpStatus><stpStatusKey>STP_STATUS</stpStatusKey><stpStatusValue/></stpStatus><stpStatus><stpStatusKey>STP_STATUS1</stpStatusKey><stpStatusValue/></stpStatus><stpStatus><stpStatusKey>STP_STATUS2</stpStatusKey><stpStatusValue/></stpStatus><stpStatus><stpStatusKey>STP_STATUS3</stpStatusKey><stpStatusValue/></stpStatus><stpStatus><stpStatusKey>STP_STATUS4</stpStatusKey><stpStatusValue/></stpStatus></stpStatuses><isActive>true</isActive></tradeVersion><tradeVersion><businessObjectId><identifier>7881560</identifier><baseIdentifier>7881560</baseIdentifier><versionIdentifier><versionRevision><versionNumber>2</versionNumber><versionDateAndTime><date>00000000</date></versionDateAndTime></versionRevision></versionIdentifier><primarySystem>MX</primarySystem></businessObjectId><contractEventReference mefClass="mxContractEventICANCEL"><contractEventId><internalId>27833288</internalId><businessObjectId><identifier>27833288</identifier><baseIdentifier>27833288</baseIdentifier><versionIdentifier><versionRevision><versionNumber>1</versionNumber><versionDateAndTime><date>00000000</date></versionDateAndTime></versionRevision></versionIdentifier><primarySystem>MX</primarySystem></businessObjectId></contractEventId></contractEventReference><eventVersion>1</eventVersion><contractEventOriginReference mefClass="mxContractEventICANCEL"><contractEventId><internalId>27833288</internalId><businessObjectId><identifier>27833288</identifier><baseIdentifier>27833288</baseIdentifier><versionIdentifier><versionRevision><versionNumber>1</versionNumber><versionDateAndTime><date>00000000</date></versionDateAndTime></versionRevision></versionIdentifier><primarySystem>MX</primarySystem></businessObjectId></contractEventId></contractEventOriginReference><action>INSERT</action><date>20201230</date><validityDate>20201230</validityDate><timestamp>2020/12/30 09:14:44.746</timestamp><lateTrading>N</lateTrading><tradePurpose>MfBJy44236</tradePurpose><tradePurposeDisplayedLabel>Contract</tradePurposeDisplayedLabel><tradePurposeId>0</tradePurposeId><stpStatuses><stpStatus><stpStatusKey>STP_STATUS_VALIDATION_LEVEL</stpStatusKey><stpStatusValue/></stpStatus><stpStatus><stpStatusKey>STP_STATUS</stpStatusKey><stpStatusValue/></stpStatus><stpStatus><stpStatusKey>STP_STATUS1</stpStatusKey><stpStatusValue/></stpStatus><stpStatus><stpStatusKey>STP_STATUS2</stpStatusKey><stpStatusValue/></stpStatus><stpStatus><stpStatusKey>STP_STATUS3</stpStatusKey><stpStatusValue/></stpStatus><stpStatus><stpStatusKey>STP_STATUS4</stpStatusKey><stpStatusValue/></stpStatus></stpStatuses><isActive>true</isActive></tradeVersion></tradeVersions></trade></trades></MxML>