<?xml version="1.0" encoding="UTF-8"?><MxML version="1-1"><documentProperties><producedBy><partyName>RABOBANK</partyName><user><name>MUREXFO</name><group>FO</group><desk>FOD EUROPE</desk><code/></user></producedBy><systemDate>20210106</systemDate><accountingDate>00000000</accountingDate><computerDate>20210222</computerDate><computerTime>14:23:43</computerTime></documentProperties><contracts><contract mefClass="mxContractISINGLE" mefClassInstanceType="8.000000" mefClassInstanceLabel="Loans/Deposits" id="contract_7330054"><businessObjectId mefClass="mxContractISINGLE" mefClassInstanceType="8"><identifier>7330054</identifier><baseIdentifier>7330054</baseIdentifier><versionIdentifier><versionRevision><versionNumber>1</versionNumber><versionDateAndTime><date>00000000</date></versionDateAndTime></versionRevision></versionIdentifier><primarySystem>MX</primarySystem></businessObjectId><contractId><internalId>7330054</internalId><rootContract>7330054</rootContract></contractId><regulatoryInformation><regulatoryIdentifiers><partyTradeIdentifier><issuer/><tradeId/></partyTradeIdentifier><centralCounterpartyId/></regulatoryIdentifiers><clearingEligibility>false</clearingEligibility><clearingMandatory>false</clearingMandatory><clearingDecision>false</clearingDecision><nettingEligibility customized="false">false</nettingEligibility></regulatoryInformation><contractBusinessObjectTemplate><businessObjectId><identifier>0</identifier><displayLabel/></businessObjectId></contractBusinessObjectTemplate><contractHeader><collateralAgreement><excludeFromPool>false</excludeFromPool></collateralAgreement><contractCategory><typology>Loan Deposit</typology><mainTypologyPath>/Typologies/ALL/Loan Deposit</mainTypologyPath><usage/><onshoreOffshore>NONE</onshoreOffshore><collateralAgreementCategory>NONE</collateralAgreementCategory><pricingCounterparty/></contractCategory><contractAgreements><settlementMethod/></contractAgreements><contractSource><sourceSystem>Theoretical</sourceSystem><sourceModule>mx.rollover</sourceModule><originPublishingSystem>MX</originPublishingSystem><publishingSystem>MX</publishingSystem><packageReference mefClass=""/><contractEventReference mefClass=""><contractEventId><internalId>0</internalId></contractEventId></contractEventReference><contractCreatorReference mefClass=""/><contractOriginReference mefClass="mxContractISINGLE"><businessObjectId mefClass="mxContractISINGLE" mefClassInstanceType="8"><identifier>7330054</identifier><primarySystem>MX</primarySystem></businessObjectId><contractId><internalId>7330054</internalId><rootContract>7330054</rootContract></contractId></contractOriginReference><version>1</version><lastContractEventReference mefClass=""><contractEventId><internalId>0</internalId></contractEventId></lastContractEventReference><lastContractEventAction>INSERT</lastContractEventAction><originContractEventReference mefClass=""><contractEventId><internalId>0</internalId></contractEventId></originContractEventReference><originDate>20201229</originDate><workflowParties><wopInitiator><role>SND</role><name>SYS_MUREX0</name><group>SYS_FO</group></wopInitiator><wopLastActor><role>SND</role><name>SYS_MUREX0</name><group>SYS_FO</group></wopLastActor><wopInternalTrader><name/><group/></wopInternalTrader><wopInternalPortfolio><wopIsBackToBack>N</wopIsBackToBack></wopInternalPortfolio><wopParties/></workflowParties></contractSource></contractHeader><inputConditions><inputBy/><areaCode>0</areaCode><timestamp>20201229 23:32:11:556</timestamp><modified>false</modified></inputConditions><contractComponents><contractComponent><typologyId>0</typologyId><tradeReference href="#trade_7881149"/></contractComponent></contractComponents><legalMasterAgreement/><legalMasterConfirmationAgreement/></contract></contracts><trades><trade mefClass="mxContractITRADE" mefClassInstanceType="8.000000" id="trade_7881149"><businessObjectId mefClass="mxContractITRADE" mefClassInstanceType="8"><identifier>7881149</identifier><baseIdentifier>7881149</baseIdentifier><versionIdentifier><versionRevision><versionNumber>1</versionNumber><versionDateAndTime><date>00000000</date></versionDateAndTime></versionRevision></versionIdentifier><primarySystem>MX</primarySystem></businessObjectId><parties><party id="RABOBANK"><partyName>RABOBANK</partyName><partyFullName>RABOBANK</partyFullName><partyCode>RABOBANK22</partyCode></party></parties><portfolios><portfolio id="NYIRDT_SWPT"><portfolioLabel>NYIRDT_SWPT</portfolioLabel></portfolio><portfolio id="NYLIQ_STLM"><portfolioLabel>NYLIQ_STLM</portfolioLabel></portfolio></portfolios><tradeHeader><tradeDate>20201229</tradeDate><tradeCategory><tradeDestination>internal</tradeDestination><tradeFamily>IRD</tradeFamily><tradeGroup>LN_BR</tradeGroup><typology>Loan Deposit</typology><mainTypologyPath>/Typologies/ALL/Loan Deposit</mainTypologyPath><usage/><collateralAgreementCategory>NONE</collateralAgreementCategory><pricingCounterparty/></tradeCategory><tradeSource><tradeOriginId>7881149</tradeOriginId><replacementDate>20201229</replacementDate><originPublishingSystemID>7881149</originPublishingSystemID></tradeSource><tradeViews><tradeView><partyReference href="#RABOBANK"><portfolioReference href="#NYIRDT_SWPT"/></partyReference><userName>SYS_MUREX0</userName><accountingSection>FVTPL</accountingSection><entity>NA_USD</entity><legalEntity>CRUA-NY</legalEntity><tradeId><tradeInternalId>7881149</tradeInternalId><hostingSystem>MX</hostingSystem><publishingSystemID>7881149</publishingSystemID></tradeId><comments><comment index="0">BCOMMENT0</comment><comment index="2">ROLL-OVER</comment></comments></tradeView><tradeView><partyReference href="#RABOBANK"><portfolioReference href="#NYLIQ_STLM"/></partyReference><userName>SYS_MUREX0</userName><accountingSection>AC</accountingSection><entity>NA_USD</entity><legalEntity>CRUA-NY</legalEntity><tradeId><tradeInternalId>7881149</tradeInternalId><hostingSystem>MX</hostingSystem><publishingSystemID>7881149</publishingSystemID></tradeId><comments><comment index="0">SCOMMENT0</comment><comment index="2">ROLL-OVER</comment></comments></tradeView></tradeViews><tradeUserDefinedFields><userDefinedField><fieldLabel>ACTUA_SLOC</fieldLabel><fieldIndex>0</fieldIndex><fieldValue>NL</fieldValue><fieldType>character</fieldType></userDefinedField><userDefinedField><fieldLabel>ADDR_TYPE</fieldLabel><fieldIndex>1</fieldIndex><fieldValue>NONE</fieldValue><fieldType>character</fieldType></userDefinedField><userDefinedField><fieldLabel>AUTO_CLR</fieldLabel><fieldIndex>8</fieldIndex><fieldValue>false</fieldValue><fieldType>character</fieldType></userDefinedField><userDefinedField><fieldLabel>BANK_MID</fieldLabel><fieldIndex>10</fieldIndex><fieldValue>0.</fieldValue><fieldType>numeric</fieldType></userDefinedField><userDefinedField><fieldLabel>BOB</fieldLabel><fieldIndex>16</fieldIndex><fieldValue>NL</fieldValue><fieldType>character</fieldType></userDefinedField><userDefinedField><fieldLabel>CAP_REINVE</fieldLabel><fieldIndex>27</fieldIndex><fieldValue>0.</fieldValue><fieldType>numeric</fieldType></userDefinedField><userDefinedField><fieldLabel>CAP_TYPE</fieldLabel><fieldIndex>28</fieldIndex><fieldValue>Cap Vanilla</fieldValue><fieldType>character</fieldType></userDefinedField><userDefinedField><fieldLabel>COLLAT_MRG</fieldLabel><fieldIndex>54</fieldIndex><fieldValue>0.</fieldValue><fieldType>numeric</fieldType></userDefinedField><userDefinedField><fieldLabel>COM_HEDGE</fieldLabel><fieldIndex>55</fieldIndex><fieldValue>Y</fieldValue><fieldType>character</fieldType></userDefinedField><userDefinedField><fieldLabel>CONFIRMABL</fieldLabel><fieldIndex>56</fieldIndex><fieldValue>Y</fieldValue><fieldType>character</fieldType></userDefinedField><userDefinedField><fieldLabel>CS_TYPE</fieldLabel><fieldIndex>69</fieldIndex><fieldValue>Currency Swap</fieldValue><fieldType>character</fieldType></userDefinedField><userDefinedField><fieldLabel>DELIV_TYPE</fieldLabel><fieldIndex>77</fieldIndex><fieldValue>CASH</fieldValue><fieldType>character</fieldType></userDefinedField><userDefinedField><fieldLabel>DIST_DESC</fieldLabel><fieldIndex>79</fieldIndex><fieldValue>Lend 0 USD from 29 dec 2020 to 30 dec 2020 @ 0.1000% (USD)</fieldValue><fieldType>character</fieldType></userDefinedField><userDefinedField><fieldLabel>DIST_TTL</fieldLabel><fieldIndex>81</fieldIndex><fieldValue>0</fieldValue><fieldType>numeric</fieldType></userDefinedField><userDefinedField><fieldLabel>EMMIDRATE</fieldLabel><fieldIndex>89</fieldIndex><fieldValue>0.</fieldValue><fieldType>numeric</fieldType></userDefinedField><userDefinedField><fieldLabel>EMUCOMRATE</fieldLabel><fieldIndex>92</fieldIndex><fieldValue>0.</fieldValue><fieldType>numeric</fieldType></userDefinedField><userDefinedField><fieldLabel>EXEC_MIC</fieldLabel><fieldIndex>99</fieldIndex><fieldValue>RABO</fieldValue><fieldType>character</fieldType></userDefinedField><userDefinedField><fieldLabel>EXEC_TS</fieldLabel><fieldIndex>100</fieldIndex><fieldValue>2020-12-30T00:32:11.875000+01:00</fieldValue><fieldType>character</fieldType></userDefinedField><userDefinedField><fieldLabel>EXEC_TYPE</fieldLabel><fieldIndex>101</fieldIndex><fieldValue>NON-SEF</fieldValue><fieldType>character</fieldType></userDefinedField><userDefinedField><fieldLabel>EXEFRM_ID</fieldLabel><fieldIndex>102</fieldIndex><fieldValue>SYS_MUREX0</fieldValue><fieldType>character</fieldType></userDefinedField><userDefinedField><fieldLabel>EXTMIDRATE</fieldLabel><fieldIndex>103</fieldIndex><fieldValue>0.</fieldValue><fieldType>numeric</fieldType></userDefinedField><userDefinedField><fieldLabel>FIELD57_B1</fieldLabel><fieldIndex>108</fieldIndex><fieldValue>SSI</fieldValue><fieldType>character</fieldType></userDefinedField><userDefinedField><fieldLabel>FIELD57_B2</fieldLabel><fieldIndex>109</fieldIndex><fieldValue>SSI</fieldValue><fieldType>character</fieldType></userDefinedField><userDefinedField><fieldLabel>FINCOST</fieldLabel><fieldIndex>110</fieldIndex><fieldValue>0.</fieldValue><fieldType>numeric</fieldType></userDefinedField><userDefinedField><fieldLabel>FINCOSTCCY</fieldLabel><fieldIndex>111</fieldIndex><fieldValue>EUR</fieldValue><fieldType>character</fieldType></userDefinedField><userDefinedField><fieldLabel>FOWARNING</fieldLabel><fieldIndex>113</fieldIndex><fieldValue>/ / / / / / / / / /</fieldValue><fieldType>character</fieldType></userDefinedField><userDefinedField><fieldLabel>FTP_SPRD</fieldLabel><fieldIndex>114</fieldIndex><fieldValue>0.</fieldValue><fieldType>numeric</fieldType></userDefinedField><userDefinedField><fieldLabel>IND_CLIENT</fieldLabel><fieldIndex>117</fieldIndex><fieldValue>NON-CLIENT</fieldValue><fieldType>character</fieldType></userDefinedField><userDefinedField><fieldLabel>IND_SEC</fieldLabel><fieldIndex>118</fieldIndex><fieldValue>N</fieldValue><fieldType>character</fieldType></userDefinedField><userDefinedField><fieldLabel>IND_SHORT</fieldLabel><fieldIndex>119</fieldIndex><fieldValue>N</fieldValue><fieldType>character</fieldType></userDefinedField><userDefinedField><fieldLabel>INT_ACCRU</fieldLabel><fieldIndex>121</fieldIndex><fieldValue>0.</fieldValue><fieldType>numeric</fieldType></userDefinedField><userDefinedField><fieldLabel>INT_REINVE</fieldLabel><fieldIndex>122</fieldIndex><fieldValue>0.</fieldValue><fieldType>numeric</fieldType></userDefinedField><userDefinedField><fieldLabel>INVCOST</fieldLabel><fieldIndex>123</fieldIndex><fieldValue>0.</fieldValue><fieldType>numeric</fieldType></userDefinedField><userDefinedField><fieldLabel>INVCOSTCCY</fieldLabel><fieldIndex>124</fieldIndex><fieldValue>EUR</fieldValue><fieldType>character</fieldType></userDefinedField><userDefinedField><fieldLabel>INVDEC_ID</fieldLabel><fieldIndex>125</fieldIndex><fieldValue>SYS_MUREX0</fieldValue><fieldType>character</fieldType></userDefinedField><userDefinedField><fieldLabel>IN_MRG_APP</fieldLabel><fieldIndex>126</fieldIndex><fieldValue>No</fieldValue><fieldType>character</fieldType></userDefinedField><userDefinedField><fieldLabel>IRR_SPRD</fieldLabel><fieldIndex>128</fieldIndex><fieldValue>0.</fieldValue><fieldType>numeric</fieldType></userDefinedField><userDefinedField><fieldLabel>IS_PSR</fieldLabel><fieldIndex>133</fieldIndex><fieldValue>0</fieldValue><fieldType>numeric</fieldType></userDefinedField><userDefinedField><fieldLabel>LB_PROFIT</fieldLabel><fieldIndex>139</fieldIndex><fieldValue>0.</fieldValue><fieldType>numeric</fieldType></userDefinedField><userDefinedField><fieldLabel>LD_TYPE</fieldLabel><fieldIndex>140</fieldIndex><fieldValue>IAM</fieldValue><fieldType>character</fieldType></userDefinedField><userDefinedField><fieldLabel>MIGRATED</fieldLabel><fieldIndex>156</fieldIndex><fieldValue>NO</fieldValue><fieldType>character</fieldType></userDefinedField><userDefinedField><fieldLabel>MIG_JOB_ID</fieldLabel><fieldIndex>158</fieldIndex><fieldValue>0</fieldValue><fieldType>numeric</fieldType></userDefinedField><userDefinedField><fieldLabel>MRG_VAL</fieldLabel><fieldIndex>161</fieldIndex><fieldValue>0.</fieldValue><fieldType>numeric</fieldType></userDefinedField><userDefinedField><fieldLabel>OPT_SPRD</fieldLabel><fieldIndex>172</fieldIndex><fieldValue>0.</fieldValue><fieldType>numeric</fieldType></userDefinedField><userDefinedField><fieldLabel>O_PRICE</fieldLabel><fieldIndex>183</fieldIndex><fieldValue>0.</fieldValue><fieldType>numeric</fieldType></userDefinedField><userDefinedField><fieldLabel>O_PRICE1</fieldLabel><fieldIndex>184</fieldIndex><fieldValue>0.</fieldValue><fieldType>numeric</fieldType></userDefinedField><userDefinedField><fieldLabel>PAPER</fieldLabel><fieldIndex>185</fieldIndex><fieldValue>N</fieldValue><fieldType>character</fieldType></userDefinedField><userDefinedField><fieldLabel>PENDING</fieldLabel><fieldIndex>188</fieldIndex><fieldValue>NO</fieldValue><fieldType>character</fieldType></userDefinedField><userDefinedField><fieldLabel>SPECULATIV</fieldLabel><fieldIndex>208</fieldIndex><fieldValue>N</fieldValue><fieldType>character</fieldType></userDefinedField><userDefinedField><fieldLabel>STAMP_RATE</fieldLabel><fieldIndex>211</fieldIndex><fieldValue>0.</fieldValue><fieldType>numeric</fieldType></userDefinedField><userDefinedField><fieldLabel>STMP_TX_RT</fieldLabel><fieldIndex>212</fieldIndex><fieldValue>0.</fieldValue><fieldType>numeric</fieldType></userDefinedField><userDefinedField><fieldLabel>SWP_TYPE</fieldLabel><fieldIndex>214</fieldIndex><fieldValue>Vanilla</fieldValue><fieldType>character</fieldType></userDefinedField><userDefinedField><fieldLabel>TRAD_CAPA</fieldLabel><fieldIndex>221</fieldIndex><fieldValue>DEAL</fieldValue><fieldType>character</fieldType></userDefinedField><userDefinedField><fieldLabel>TRDA_ONSEF</fieldLabel><fieldIndex>223</fieldIndex><fieldValue>No</fieldValue><fieldType>character</fieldType></userDefinedField><userDefinedField><fieldLabel>TRD_LCL_TS</fieldLabel><fieldIndex>224</fieldIndex><fieldValue>29-DEC-2020 23:32:11:877</fieldValue><fieldType>character</fieldType></userDefinedField><userDefinedField><fieldLabel>TRD_ON_DCM</fieldLabel><fieldIndex>225</fieldIndex><fieldValue>No</fieldValue><fieldType>character</fieldType></userDefinedField><userDefinedField><fieldLabel>T_LOCATION</fieldLabel><fieldIndex>226</fieldIndex><fieldValue>NL</fieldValue><fieldType>character</fieldType></userDefinedField><userDefinedField><fieldLabel>UNWAMORTF</fieldLabel><fieldIndex>227</fieldIndex><fieldValue>0.</fieldValue><fieldType>numeric</fieldType></userDefinedField><userDefinedField><fieldLabel>U_EXEC_TS</fieldLabel><fieldIndex>242</fieldIndex><fieldValue>2020-12-30T00:32:11.875000+01:00</fieldValue><fieldType>character</fieldType></userDefinedField><userDefinedField><fieldLabel>VAAMT</fieldLabel><fieldIndex>245</fieldIndex><fieldValue>0.</fieldValue><fieldType>numeric</fieldType></userDefinedField><userDefinedField><fieldLabel>VAAMTCCY</fieldLabel><fieldIndex>246</fieldIndex><fieldValue>USD</fieldValue><fieldType>character</fieldType></userDefinedField><userDefinedField><fieldLabel>VAR_NOTNL</fieldLabel><fieldIndex>247</fieldIndex><fieldValue>N</fieldValue><fieldType>character</fieldType></userDefinedField><userDefinedField><fieldLabel>VOICE_ELEC</fieldLabel><fieldIndex>248</fieldIndex><fieldValue>VOICE</fieldValue><fieldType>character</fieldType></userDefinedField><userDefinedField><fieldLabel>XVA_AMOUNT</fieldLabel><fieldIndex>249</fieldIndex><fieldValue>0</fieldValue><fieldType>numeric</fieldType></userDefinedField></tradeUserDefinedFields><tradeFees/><tradeAgreements><paymentNetting>false</paymentNetting></tradeAgreements><contractReference mefClass="mxContractISINGLE"><businessObjectId mefClass="mxContractISINGLE" mefClassInstanceType="8"><identifier>7330054</identifier><primarySystem>MX</primarySystem></businessObjectId><contractId><internalId>7330054</internalId><rootContract>7330054</rootContract></contractId></contractReference><tradeProcessing><nonUnwoundRatio>1</nonUnwoundRatio><remainingLiveQuantity>0</remainingLiveQuantity></tradeProcessing><tradeAccountingInfo><tradeHedging><hedgedTransactionSold>false</hedgedTransactionSold></tradeHedging></tradeAccountingInfo></tradeHeader><tradeBody><loanDeposit><templateGenerationData><templateGenerationNature>1</templateGenerationNature><currency>USD</currency></templateGenerationData><structure><numberOfPhases>1</numberOfPhases><numberOfLegs>1</numberOfLegs><stubPeriodPosition>upFront</stubPeriodPosition><marketQuoteDrivingLeg>automatic</marketQuoteDrivingLeg><bidASkDrivingLeg>automatic</bidASkDrivingLeg><settlementDateShifter><settlementDateShifterMode>Inherited from currency</settlementDateShifterMode></settlementDateShifter><evaluationMode>default</evaluationMode><floatingRateEstimation>default</floatingRateEstimation></structure><stream><streamTemplate><phase>1</phase><leg>1</leg><payoutType>fixedRate</payoutType><paymentCurrency>USD</paymentCurrency><initialCapitalCurrency>USD</initialCapitalCurrency><initialPaymentCurrency>USD</initialPaymentCurrency><intermediateCapitalCurrency>USD</intermediateCapitalCurrency><finalCapitalCurrency>USD</finalCapitalCurrency><startDateShifter><dateShifterLabel>+2 BUSINESS DAY</dateShifterLabel><businessObjectId mefClass="mxStaticsDatesISHIFTER"><identifier>+2 BUSINESS DAY</identifier><primarySystem>MX</primarySystem></businessObjectId><dateShifterDirection>forward</dateShifterDirection><shift><periodUnit>businessDay</periodUnit><periodMultiplier>2</periodMultiplier></shift><shifterAlgorithm>union</shifterAlgorithm></startDateShifter><paymentBusinessCenters><businessCenterLabel>NYB</businessCenterLabel><businessCenter>NYB</businessCenter><businessCenterItem><swiftCode>USNY</swiftCode></businessCenterItem></paymentBusinessCenters><streamSchedules><calculationSchedule><scheduleNature>drivingSchedule</scheduleNature><scheduleGenerator><scheduleGeneratorLabel>1Y MODFOL</scheduleGeneratorLabel><businessObjectId mefClass="mxStaticsDatesISCHEDULE_GENERATOR"><identifier>1Y MODFOL</identifier><primarySystem>MX</primarySystem></businessObjectId><standardScheduleGenerator><creationMode>new</creationMode><defaultFrequency><periodUnit>year</periodUnit><periodMultiplier>1</periodMultiplier></defaultFrequency><dateShifterDirection>forward</dateShifterDirection><keepIdenticalDates>false</keepIdenticalDates><businessDayConvention>modifiedFollowing</businessDayConvention><startDateTreatment><dateTreatment>rollConvention</dateTreatment></startDateTreatment><endDateTreatment><dateTreatment>rollConvention</dateTreatment></endDateTreatment><adjustFirst>false</adjustFirst></standardScheduleGenerator></scheduleGenerator><frequency><periodUnit>year</periodUnit><periodMultiplier>1</periodMultiplier></frequency></calculationSchedule><calculationEndSchedule><scheduleNature>equalTo</scheduleNature><underlyingSchedule>calculationSchedule</underlyingSchedule><internalFrequencyRatio>1</internalFrequencyRatio></calculationEndSchedule><paymentSchedule><scheduleNature>equalTo</scheduleNature><underlyingSchedule>calculationSchedule</underlyingSchedule><internalFrequencyRatio>1</internalFrequencyRatio></paymentSchedule><deliverySchedule><scheduleNature>equalTo</scheduleNature><underlyingSchedule>calculationSchedule</underlyingSchedule><internalFrequencyRatio>1</internalFrequencyRatio></deliverySchedule><singlePeriod>false</singlePeriod><adjustEndDate>no</adjustEndDate></streamSchedules><fixedRateStreamTemplate><deliveryData/></fixedRateStreamTemplate><paymentPosition>inArrears</paymentPosition><amortizingType>no</amortizingType><rateConvention><rateConventionLabel>LIN ACT/360</rateConventionLabel><businessObjectId mefClass="mxStaticsRatesIRATE_CONVENTION"><identifier>LIN ACT/360</identifier><primarySystem>MX</primarySystem></businessObjectId><dayCountFraction><dayCountFractionLabel>ACT/360</dayCountFractionLabel><businessObjectId mefClass="mxStaticsDatesIDAY_COUNT_FRACTION"><identifier>ACT/360</identifier><primarySystem>MX</primarySystem></businessObjectId><dayCountDescription/><numeratorConvention>ACT</numeratorConvention><denominatorConvention>360</denominatorConvention><dayCountStandardDenomination>ACT/360</dayCountStandardDenomination><periodsBreakdown><dayCountPeriodicity>year</dayCountPeriodicity></periodsBreakdown></dayCountFraction></rateConvention><interestRatesRoundingRule><roundingDirection>none</roundingDirection><roundingPrecision>0</roundingPrecision></interestRatesRoundingRule><interestFlowsRoundingRule><roundingDirection>nearest</roundingDirection><roundingPrecision>2</roundingPrecision></interestFlowsRoundingRule><capitalExchanges><initialCapitalExchange>true</initialCapitalExchange><finalCapitalExchange>true</finalCapitalExchange><intermediateCapitalExchange>true</intermediateCapitalExchange></capitalExchanges><settlementNature>cashSettled</settlementNature><potentialStubs><initialStubCharacteristics><couponLength>shortCoupon</couponLength></initialStubCharacteristics></potentialStubs><proratize>Apply</proratize><indexed>false</indexed><rateFormula>standard</rateFormula></streamTemplate><payerPartyReference href="#RABOBANK"><portfolioReference href="#NYLIQ_STLM"/></payerPartyReference><receiverPartyReference href="#RABOBANK"><portfolioReference href="#NYIRDT_SWPT"/></receiverPartyReference><payReceive>receive</payReceive><effectiveDate>20201229</effectiveDate><maturity>20201230</maturity><adjustedEffectiveDate>20201229</adjustedEffectiveDate><adjustedMaturity>20201230</adjustedMaturity><rollDate>20201230</rollDate><capital><initialCapitalAmount>0.13327202</initialCapitalAmount><initialCapitalCurrency>USD</initialCapitalCurrency><initialPaymentCurrency>USD</initialPaymentCurrency><intermediateCapitalCurrency>USD</intermediateCapitalCurrency><finalCapitalCurrency>USD</finalCapitalCurrency><referenceCapitalAmount>0.13327202</referenceCapitalAmount><referenceCapitalCurrency>USD</referenceCapitalCurrency></capital><fixedRateStream><fixedRate>0.1000001</fixedRate></fixedRateStream><assetLiability>asset</assetLiability><stubPeriods><initialStub/></stubPeriods><cashFlows><interestFlows><interestPaymentPeriod><paymentDate>20201230</paymentDate><calculationPeriod><notionalAmount>0.13327202</notionalAmount><calculationStartDate>20201229</calculationStartDate><calculationEndDate>20201230</calculationEndDate><periodDayCountFactor>0.00277777777777778</periodDayCountFactor><periodDayCountInitialFactor>0.00277777777777778</periodDayCountInitialFactor><fixedRatePeriod><fixedRate>0.1000001</fixedRate></fixedRatePeriod><duration>1</duration><contributionFlows><contributionFlow><calculationPeriod><notionalAmount>0.13327202</notionalAmount><calculationStartDate>20201229</calculationStartDate><calculationEndDate>20201230</calculationEndDate></calculationPeriod></contributionFlow></contributionFlows></calculationPeriod><interestFlow>0</interestFlow><currency>USD</currency></interestPaymentPeriod></interestFlows><eventInterestFlows/><capitalFlows><flow><payerPartyReference href="#RABOBANK"><portfolioReference href="#NYIRDT_SWPT"/></payerPartyReference><receiverPartyReference href="#RABOBANK"><portfolioReference href="#NYLIQ_STLM"/></receiverPartyReference><date>20201229</date><currency>USD</currency><flowType>PRI</flowType><flowSubType>INI</flowSubType><amount>0.13327202</amount></flow><flow><payerPartyReference href="#RABOBANK"><portfolioReference href="#NYLIQ_STLM"/></payerPartyReference><receiverPartyReference href="#RABOBANK"><portfolioReference href="#NYIRDT_SWPT"/></receiverPartyReference><date>20201230</date><currency>USD</currency><flowType>PRI</flowType><flowSubType>FIN</flowSubType><amount>0.13327202</amount></flow></capitalFlows></cashFlows></stream><customized>false</customized><referFlag>false</referFlag><additionalFlowsLegDissociate>false</additionalFlowsLegDissociate><additionalFlowsSignDisableBSBased>false</additionalFlowsSignDisableBSBased></loanDeposit></tradeBody><confirmationInstructions/><tradeInputConditions><inputBy><userName>SYS_MUREX0</userName><partyReference href="#RABOBANK"><portfolioReference href="#NYIRDT_SWPT"/></partyReference></inputBy><systemDate>20201229</systemDate><computerDate>20201229</computerDate><validityDate>20201229</validityDate><computerTime>00:32:11</computerTime><areaCode>0</areaCode><lateTrading>earlyTrading</lateTrading><timestamp>20201229 23:32:11:556</timestamp><modified>false</modified><initialData/><executionTimestamp>2020-12-29T23:32:11.556</executionTimestamp></tradeInputConditions><tradeStatus><physicalStatus>dead</physicalStatus></tradeStatus><tradeVersions><tradeVersion><businessObjectId><identifier>7881149</identifier><baseIdentifier>7881149</baseIdentifier><versionIdentifier><versionRevision><versionNumber>1</versionNumber><versionDateAndTime><date>00000000</date></versionDateAndTime></versionRevision></versionIdentifier><primarySystem>MX</primarySystem></businessObjectId><contractEventReference mefClass=""><contractEventId><internalId>0</internalId></contractEventId></contractEventReference><eventVersion>0</eventVersion><contractEventOriginReference mefClass=""><contractEventId><internalId>0</internalId><businessObjectId><versionIdentifier><versionRevision><versionNumber>1</versionNumber><versionDateAndTime><date>00000000</date></versionDateAndTime></versionRevision></versionIdentifier><primarySystem>MX</primarySystem></businessObjectId></contractEventId></contractEventOriginReference><action>INSERT</action><date>20201229</date><validityDate>20201229</validityDate><timestamp>2020/12/29 23:32:11.556</timestamp><lateTrading>N</lateTrading><tradePurpose>MfBJy44236</tradePurpose><tradePurposeDisplayedLabel>Contract</tradePurposeDisplayedLabel><tradePurposeId>0</tradePurposeId><stpStatuses><stpStatus><stpStatusKey>STP_STATUS_VALIDATION_LEVEL</stpStatusKey><stpStatusValue/></stpStatus><stpStatus><stpStatusKey>STP_STATUS</stpStatusKey><stpStatusValue/></stpStatus><stpStatus><stpStatusKey>STP_STATUS1</stpStatusKey><stpStatusValue/></stpStatus><stpStatus><stpStatusKey>STP_STATUS2</stpStatusKey><stpStatusValue/></stpStatus><stpStatus><stpStatusKey>STP_STATUS3</stpStatusKey><stpStatusValue/></stpStatus><stpStatus><stpStatusKey>STP_STATUS4</stpStatusKey><stpStatusValue/></stpStatus></stpStatuses><isActive>true</isActive></tradeVersion></tradeVersions></trade></trades></MxML>