<?xml version="1.0" encoding="UTF-8"?><MxML version="1-1"><documentProperties><producedBy><partyName>RABOBANK</partyName><user><name>MUREXFO</name><group>FO</group><desk>FOD EUROPE</desk><code/></user></producedBy><systemDate>20210106</systemDate><accountingDate>00000000</accountingDate><computerDate>20210222</computerDate><computerTime>14:07:25</computerTime></documentProperties><contracts><contract mefClass="mxContractISINGLE" mefClassInstanceType="77.000000" mefClassInstanceLabel="Spot-Forward" id="contract_7330314"><businessObjectId mefClass="mxContractISINGLE" mefClassInstanceType="77"><identifier>7330314</identifier><baseIdentifier>7330314</baseIdentifier><versionIdentifier><versionRevision><versionNumber>2</versionNumber><versionDateAndTime><date>00000000</date></versionDateAndTime></versionRevision></versionIdentifier><primarySystem>MX</primarySystem></businessObjectId><contractId><internalId>7330314</internalId><rootContract>7330314</rootContract></contractId><regulatoryInformation><regulatoryIdentifiers><partyTradeIdentifier><issuer/><tradeId/></partyTradeIdentifier><centralCounterpartyId/></regulatoryIdentifiers><clearingEligibility>false</clearingEligibility><clearingMandatory>false</clearingMandatory><clearingDecision>false</clearingDecision><nettingEligibility customized="false">false</nettingEligibility></regulatoryInformation><contractBusinessObjectTemplate><businessObjectId><identifier>0</identifier><displayLabel/></businessObjectId></contractBusinessObjectTemplate><contractHeader><collateralAgreement><excludeFromPool>false</excludeFromPool></collateralAgreement><contractCategory><typology>Spot</typology><mainTypologyPath>/Typologies/ALL/Spot</mainTypologyPath><usage>DEFAULT</usage><onshoreOffshore>NONE</onshoreOffshore><collateralAgreementCategory>INT-EUR</collateralAgreementCategory><pricingCounterparty href="#_1163"/></contractCategory><contractAgreements><settlementMethod/></contractAgreements><contractSource><sourceSystem>Theoretical</sourceSystem><sourceModule>eMarkets</sourceModule><originPublishingSystem>MX</originPublishingSystem><publishingSystem>MX</publishingSystem><packageReference mefClass="mxContractIPACKAGE_INTERNAL"><businessObjectId mefClass="mxContractIPACKAGE_INTERNAL" mefClassInstanceType="0"><identifier>7330315</identifier><primarySystem>MX</primarySystem></businessObjectId><packageId><internalId>7330315</internalId><creatorId>0</creatorId></packageId></packageReference><contractEventReference mefClass=""><contractEventId><internalId>0</internalId></contractEventId></contractEventReference><contractCreatorReference mefClass=""/><contractOriginReference mefClass="mxContractISINGLE"><businessObjectId mefClass="mxContractISINGLE" mefClassInstanceType="77"><identifier>7330314</identifier><primarySystem>MX</primarySystem></businessObjectId><contractId><internalId>7330314</internalId><rootContract>7330314</rootContract></contractId></contractOriginReference><version>2</version><lastContractEventReference mefClass="mxContractEventIREFRESH"><contractEventId><internalId>27850140</internalId><businessObjectId><identifier>27850140</identifier><baseIdentifier>27850140</baseIdentifier><versionIdentifier><versionRevision><versionNumber>1</versionNumber><versionDateAndTime><date>00000000</date></versionDateAndTime></versionRevision></versionIdentifier><primarySystem>MX</primarySystem></businessObjectId></contractEventId></lastContractEventReference><lastContractEventAction>INSERT</lastContractEventAction><originContractEventReference mefClass=""><contractEventId><internalId>0</internalId></contractEventId></originContractEventReference><originDate>20201230</originDate><workflowParties><wopInitiator><role>SND</role><name>SYS_AUTO</name><group>SYS_FO</group></wopInitiator><wopLastActor><role/><name>SYS_MUREX1</name><group>SYS_FIXING</group></wopLastActor><wopInternalTrader><name/><group/></wopInternalTrader><wopInternalPortfolio><wopIsBackToBack>N</wopIsBackToBack></wopInternalPortfolio><wopParties/></workflowParties></contractSource></contractHeader><inputConditions><inputBy/><areaCode>0</areaCode><timestamp>20201230 00:32:15:810</timestamp><modified>false</modified></inputConditions><contractComponents><contractComponent><typologyId>2</typologyId><tradeReference href="#trade_7881405"/></contractComponent></contractComponents><legalMasterAgreement/><legalMasterConfirmationAgreement/></contract></contracts><trades><trade mefClass="mxContractITRADE" mefClassInstanceType="77.000000" id="trade_7881405"><businessObjectId mefClass="mxContractITRADE" mefClassInstanceType="77"><identifier>7881405</identifier><baseIdentifier>7881405</baseIdentifier><versionIdentifier><versionRevision><versionNumber>2</versionNumber><versionDateAndTime><date>00000000</date></versionDateAndTime></versionRevision></versionIdentifier><primarySystem>MX</primarySystem></businessObjectId><parties><party id="RABOBANK"><partyName>RABOBANK</partyName><partyFullName>RABOBANK</partyFullName><partyCode>RABOBANK22</partyCode></party><party id="_1163"><partyName>CRUA-UT</partyName></party></parties><portfolios><portfolio id="HKFXSP_TRAD1_UT"><portfolioLabel>HKFXSP_TRAD1_UT</portfolioLabel></portfolio></portfolios><tradeHeader><tradeDate>20201230</tradeDate><tradeCategory><tradeDestination>external</tradeDestination><tradeFamily>CURR</tradeFamily><tradeGroup>FXD</tradeGroup><tradeType>FXD</tradeType><typology>Spot</typology><mainTypologyPath>/Typologies/ALL/Spot</mainTypologyPath><usage>DEFAULT</usage><collateralAgreementCategory>INT-EUR</collateralAgreementCategory><pricingCounterparty href="#_1163"/></tradeCategory><tradeSource><tradeOriginId>7881405</tradeOriginId><replacementDate>20201230</replacementDate><originPublishingSystemID>7881405</originPublishingSystemID></tradeSource><tradeViews><tradeView><partyReference href="#RABOBANK"><portfolioReference href="#HKFXSP_TRAD1_UT"/></partyReference><userName>RABOAI</userName><accountingSection>FVTPL</accountingSection><entity>ASIA_USD</entity><legalEntity>CRUA-UT</legalEntity><tradeId><tradeInternalId>7881405</tradeInternalId><hostingSystem>MX</hostingSystem><publishingSystemID>7881405</publishingSystemID></tradeId><comments><comment index="0">SCOMMENT0</comment></comments></tradeView><tradeView><partyReference href="#_1163"/><entity>ASIA_USD</entity><comments><comment index="0">BCOMMENT0</comment></comments></tradeView></tradeViews><tradeUserDefinedFields><userDefinedField><fieldLabel>ACTUA_SLOC</fieldLabel><fieldIndex>0</fieldIndex><fieldValue>NL</fieldValue><fieldType>character</fieldType></userDefinedField><userDefinedField><fieldLabel>ADDR_TYPE</fieldLabel><fieldIndex>1</fieldIndex><fieldValue>NONE</fieldValue><fieldType>character</fieldType></userDefinedField><userDefinedField><fieldLabel>BANK_MID</fieldLabel><fieldIndex>6</fieldIndex><fieldValue>0.</fieldValue><fieldType>numeric</fieldType></userDefinedField><userDefinedField><fieldLabel>BOB</fieldLabel><fieldIndex>9</fieldIndex><fieldValue>NL</fieldValue><fieldType>character</fieldType></userDefinedField><userDefinedField><fieldLabel>BUY_SELL</fieldLabel><fieldIndex>13</fieldIndex><fieldValue>SELLER</fieldValue><fieldType>character</fieldType></userDefinedField><userDefinedField><fieldLabel>COM_HEDGE</fieldLabel><fieldIndex>30</fieldIndex><fieldValue>Y</fieldValue><fieldType>character</fieldType></userDefinedField><userDefinedField><fieldLabel>CONFIRMABL</fieldLabel><fieldIndex>31</fieldIndex><fieldValue>N</fieldValue><fieldType>character</fieldType></userDefinedField><userDefinedField><fieldLabel>CTP_BOOK</fieldLabel><fieldIndex>41</fieldIndex><fieldValue>LOFXSP_AI_UT</fieldValue><fieldType>character</fieldType></userDefinedField><userDefinedField><fieldLabel>DELIV_TYPE</fieldLabel><fieldIndex>43</fieldIndex><fieldValue>CASH</fieldValue><fieldType>character</fieldType></userDefinedField><userDefinedField><fieldLabel>DIST_DESC</fieldLabel><fieldIndex>46</fieldIndex><fieldValue>Buy 1,312,677 AUD against USD on 04 jan 2021 (spot) @ 0.7618</fieldValue><fieldType>character</fieldType></userDefinedField><userDefinedField><fieldLabel>DIST_STAT</fieldLabel><fieldIndex>47</fieldIndex><fieldValue>Tradable</fieldValue><fieldType>character</fieldType></userDefinedField><userDefinedField><fieldLabel>DIST_TTL</fieldLabel><fieldIndex>48</fieldIndex><fieldValue>0</fieldValue><fieldType>numeric</fieldType></userDefinedField><userDefinedField><fieldLabel>EMEXDT</fieldLabel><fieldIndex>54</fieldIndex><fieldValue>2020-12-30T00:32:15.296233+00:00</fieldValue><fieldType>character</fieldType></userDefinedField><userDefinedField><fieldLabel>EMMIDRATE</fieldLabel><fieldIndex>57</fieldIndex><fieldValue>0.</fieldValue><fieldType>numeric</fieldType></userDefinedField><userDefinedField><fieldLabel>EMUCOMRATE</fieldLabel><fieldIndex>60</fieldIndex><fieldValue>0.</fieldValue><fieldType>numeric</fieldType></userDefinedField><userDefinedField><fieldLabel>ETRADEREF</fieldLabel><fieldIndex>61</fieldIndex><fieldValue>TRAD.8bf03e1e-b576-4486-8098-58eaff282a89</fieldValue><fieldType>character</fieldType></userDefinedField><userDefinedField><fieldLabel>EURUSD</fieldLabel><fieldIndex>62</fieldIndex><fieldValue>1.2253</fieldValue><fieldType>numeric</fieldType></userDefinedField><userDefinedField><fieldLabel>EXEC_MIC</fieldLabel><fieldIndex>67</fieldIndex><fieldValue>RABO</fieldValue><fieldType>character</fieldType></userDefinedField><userDefinedField><fieldLabel>EXEC_TS</fieldLabel><fieldIndex>68</fieldIndex><fieldValue>2020-12-30T00:32:15.296233+00:00</fieldValue><fieldType>character</fieldType></userDefinedField><userDefinedField><fieldLabel>EXEC_TYPE</fieldLabel><fieldIndex>69</fieldIndex><fieldValue>NON-SEF</fieldValue><fieldType>character</fieldType></userDefinedField><userDefinedField><fieldLabel>EXEFRM_ID</fieldLabel><fieldIndex>70</fieldIndex><fieldValue>RABOAI</fieldValue><fieldType>character</fieldType></userDefinedField><userDefinedField><fieldLabel>EXTMIDRATE</fieldLabel><fieldIndex>71</fieldIndex><fieldValue>0.</fieldValue><fieldType>numeric</fieldType></userDefinedField><userDefinedField><fieldLabel>FIELD57_B1</fieldLabel><fieldIndex>74</fieldIndex><fieldValue>SSI</fieldValue><fieldType>character</fieldType></userDefinedField><userDefinedField><fieldLabel>FIELD57_B2</fieldLabel><fieldIndex>75</fieldIndex><fieldValue>SSI</fieldValue><fieldType>character</fieldType></userDefinedField><userDefinedField><fieldLabel>FINCOST</fieldLabel><fieldIndex>76</fieldIndex><fieldValue>0.</fieldValue><fieldType>numeric</fieldType></userDefinedField><userDefinedField><fieldLabel>FINCOSTCCY</fieldLabel><fieldIndex>77</fieldIndex><fieldValue>EUR</fieldValue><fieldType>character</fieldType></userDefinedField><userDefinedField><fieldLabel>FIXYESNO</fieldLabel><fieldIndex>80</fieldIndex><fieldValue>No</fieldValue><fieldType>character</fieldType></userDefinedField><userDefinedField><fieldLabel>FOWARNING</fieldLabel><fieldIndex>81</fieldIndex><fieldValue>/ / / / / / / / / /</fieldValue><fieldType>character</fieldType></userDefinedField><userDefinedField><fieldLabel>IND_CLIENT</fieldLabel><fieldIndex>85</fieldIndex><fieldValue>NON-CLIENT</fieldValue><fieldType>character</fieldType></userDefinedField><userDefinedField><fieldLabel>IND_SEC</fieldLabel><fieldIndex>86</fieldIndex><fieldValue>N</fieldValue><fieldType>character</fieldType></userDefinedField><userDefinedField><fieldLabel>IND_SHORT</fieldLabel><fieldIndex>87</fieldIndex><fieldValue>N</fieldValue><fieldType>character</fieldType></userDefinedField><userDefinedField><fieldLabel>INVCOST</fieldLabel><fieldIndex>89</fieldIndex><fieldValue>5.</fieldValue><fieldType>numeric</fieldType></userDefinedField><userDefinedField><fieldLabel>INVCOSTCCY</fieldLabel><fieldIndex>90</fieldIndex><fieldValue>EUR</fieldValue><fieldType>character</fieldType></userDefinedField><userDefinedField><fieldLabel>INVDEC_ID</fieldLabel><fieldIndex>91</fieldIndex><fieldValue>RABOAI</fieldValue><fieldType>character</fieldType></userDefinedField><userDefinedField><fieldLabel>IN_MRG_APP</fieldLabel><fieldIndex>92</fieldIndex><fieldValue>No</fieldValue><fieldType>character</fieldType></userDefinedField><userDefinedField><fieldLabel>LB_PROFIT</fieldLabel><fieldIndex>101</fieldIndex><fieldValue>0.</fieldValue><fieldType>numeric</fieldType></userDefinedField><userDefinedField><fieldLabel>LCL_MARGIN</fieldLabel><fieldIndex>102</fieldIndex><fieldValue>0.</fieldValue><fieldType>numeric</fieldType></userDefinedField><userDefinedField><fieldLabel>LIMITORDER</fieldLabel><fieldIndex>104</fieldIndex><fieldValue>No</fieldValue><fieldType>character</fieldType></userDefinedField><userDefinedField><fieldLabel>MARGN_AMNT</fieldLabel><fieldIndex>111</fieldIndex><fieldValue>0.</fieldValue><fieldType>numeric</fieldType></userDefinedField><userDefinedField><fieldLabel>MARGN_RATE</fieldLabel><fieldIndex>112</fieldIndex><fieldValue>0.</fieldValue><fieldType>numeric</fieldType></userDefinedField><userDefinedField><fieldLabel>MIG_JOB_ID</fieldLabel><fieldIndex>122</fieldIndex><fieldValue>0</fieldValue><fieldType>numeric</fieldType></userDefinedField><userDefinedField><fieldLabel>MRG_FLEG</fieldLabel><fieldIndex>124</fieldIndex><fieldValue>0.</fieldValue><fieldType>numeric</fieldType></userDefinedField><userDefinedField><fieldLabel>MRG_NLEG</fieldLabel><fieldIndex>127</fieldIndex><fieldValue>0.</fieldValue><fieldType>numeric</fieldType></userDefinedField><userDefinedField><fieldLabel>MRG_VAL</fieldLabel><fieldIndex>129</fieldIndex><fieldValue>0.</fieldValue><fieldType>numeric</fieldType></userDefinedField><userDefinedField><fieldLabel>NOM_DEN_FE</fieldLabel><fieldIndex>132</fieldIndex><fieldValue>0.</fieldValue><fieldType>numeric</fieldType></userDefinedField><userDefinedField><fieldLabel>NOM_DEN_NE</fieldLabel><fieldIndex>133</fieldIndex><fieldValue>0.</fieldValue><fieldType>numeric</fieldType></userDefinedField><userDefinedField><fieldLabel>NOM_NUM_FE</fieldLabel><fieldIndex>134</fieldIndex><fieldValue>0.</fieldValue><fieldType>numeric</fieldType></userDefinedField><userDefinedField><fieldLabel>NOM_NUM_NE</fieldLabel><fieldIndex>135</fieldIndex><fieldValue>0.</fieldValue><fieldType>numeric</fieldType></userDefinedField><userDefinedField><fieldLabel>O_PRICE</fieldLabel><fieldIndex>145</fieldIndex><fieldValue>0.</fieldValue><fieldType>numeric</fieldType></userDefinedField><userDefinedField><fieldLabel>O_PRICE1</fieldLabel><fieldIndex>146</fieldIndex><fieldValue>0.</fieldValue><fieldType>numeric</fieldType></userDefinedField><userDefinedField><fieldLabel>PENDING</fieldLabel><fieldIndex>147</fieldIndex><fieldValue>No</fieldValue><fieldType>character</fieldType></userDefinedField><userDefinedField><fieldLabel>PRIN_AGE</fieldLabel><fieldIndex>150</fieldIndex><fieldValue>Principal</fieldValue><fieldType>character</fieldType></userDefinedField><userDefinedField><fieldLabel>REG_SPOT</fieldLabel><fieldIndex>155</fieldIndex><fieldValue>Yes</fieldValue><fieldType>character</fieldType></userDefinedField><userDefinedField><fieldLabel>SHORTDATED</fieldLabel><fieldIndex>159</fieldIndex><fieldValue>No</fieldValue><fieldType>character</fieldType></userDefinedField><userDefinedField><fieldLabel>SPECULATIV</fieldLabel><fieldIndex>160</fieldIndex><fieldValue>N</fieldValue><fieldType>character</fieldType></userDefinedField><userDefinedField><fieldLabel>SPOT_AMT</fieldLabel><fieldIndex>162</fieldIndex><fieldValue>0.</fieldValue><fieldType>numeric</fieldType></userDefinedField><userDefinedField><fieldLabel>TRAD_CAPA</fieldLabel><fieldIndex>168</fieldIndex><fieldValue>DEAL</fieldValue><fieldType>character</fieldType></userDefinedField><userDefinedField><fieldLabel>TRDA_ONSEF</fieldLabel><fieldIndex>170</fieldIndex><fieldValue>No</fieldValue><fieldType>character</fieldType></userDefinedField><userDefinedField><fieldLabel>TRD_LCL_TS</fieldLabel><fieldIndex>171</fieldIndex><fieldValue>30-DEC-2020 00:32:15:853</fieldValue><fieldType>character</fieldType></userDefinedField><userDefinedField><fieldLabel>TRD_ON_DCM</fieldLabel><fieldIndex>172</fieldIndex><fieldValue>No</fieldValue><fieldType>character</fieldType></userDefinedField><userDefinedField><fieldLabel>T_LOCATION</fieldLabel><fieldIndex>173</fieldIndex><fieldValue>NL</fieldValue><fieldType>character</fieldType></userDefinedField><userDefinedField><fieldLabel>UPI</fieldLabel><fieldIndex>174</fieldIndex><fieldValue>ForeignExchange:Spot</fieldValue><fieldType>character</fieldType></userDefinedField><userDefinedField><fieldLabel>USDCNH</fieldLabel><fieldIndex>175</fieldIndex><fieldValue>No</fieldValue><fieldType>character</fieldType></userDefinedField><userDefinedField><fieldLabel>USDFWD1</fieldLabel><fieldIndex>176</fieldIndex><fieldValue>0.</fieldValue><fieldType>numeric</fieldType></userDefinedField><userDefinedField><fieldLabel>USDFWD2</fieldLabel><fieldIndex>177</fieldIndex><fieldValue>0.</fieldValue><fieldType>numeric</fieldType></userDefinedField><userDefinedField><fieldLabel>USDPAIR1</fieldLabel><fieldIndex>178</fieldIndex><fieldValue>AUD-USD</fieldValue><fieldType>character</fieldType></userDefinedField><userDefinedField><fieldLabel>USDSPOT1</fieldLabel><fieldIndex>180</fieldIndex><fieldValue>0.7611</fieldValue><fieldType>numeric</fieldType></userDefinedField><userDefinedField><fieldLabel>USDSPOT2</fieldLabel><fieldIndex>181</fieldIndex><fieldValue>0.</fieldValue><fieldType>numeric</fieldType></userDefinedField><userDefinedField><fieldLabel>U_EXEC_TS</fieldLabel><fieldIndex>195</fieldIndex><fieldValue>2020-12-30T00:32:15.296233+00:00</fieldValue><fieldType>character</fieldType></userDefinedField><userDefinedField><fieldLabel>VAAMT</fieldLabel><fieldIndex>198</fieldIndex><fieldValue>0.</fieldValue><fieldType>numeric</fieldType></userDefinedField><userDefinedField><fieldLabel>VAAMTCCY</fieldLabel><fieldIndex>199</fieldIndex><fieldValue>USD</fieldValue><fieldType>character</fieldType></userDefinedField><userDefinedField><fieldLabel>VAR_NOTNL</fieldLabel><fieldIndex>200</fieldIndex><fieldValue>N</fieldValue><fieldType>character</fieldType></userDefinedField><userDefinedField><fieldLabel>VOICE_ELEC</fieldLabel><fieldIndex>201</fieldIndex><fieldValue>ELECTRONIC</fieldValue><fieldType>character</fieldType></userDefinedField><userDefinedField><fieldLabel>XVA_AMOUNT</fieldLabel><fieldIndex>202</fieldIndex><fieldValue>0</fieldValue><fieldType>numeric</fieldType></userDefinedField></tradeUserDefinedFields><tradeFees/><tradeAgreements><paymentNetting>true</paymentNetting></tradeAgreements><contractReference mefClass="mxContractISINGLE"><businessObjectId mefClass="mxContractISINGLE" mefClassInstanceType="77"><identifier>7330314</identifier><primarySystem>MX</primarySystem></businessObjectId><contractId><internalId>7330314</internalId><rootContract>7330314</rootContract></contractId></contractReference><tradeProcessing><nonUnwoundRatio>1</nonUnwoundRatio><remainingLiveQuantity>1312677</remainingLiveQuantity></tradeProcessing><tradeAccountingInfo><tradeHedging><hedgedTransactionSold>false</hedgedTransactionSold></tradeHedging></tradeAccountingInfo></tradeHeader><tradeBody><fxSpotForward><currency1Flow><payerPartyReference href="#RABOBANK"><portfolioReference href="#HKFXSP_TRAD1_UT"/></payerPartyReference><receiverPartyReference href="#_1163"/><date>20210104</date><currency>AUD</currency><amount>1312677</amount></currency1Flow><currency2Flow><payerPartyReference href="#_1163"/><receiverPartyReference href="#RABOBANK"><portfolioReference href="#HKFXSP_TRAD1_UT"/></receiverPartyReference><date>20210104</date><currency>USD</currency><amount>1000010.46537</amount></currency2Flow><exchangeRate><fxQuotation><currency1>USD</currency1><currency2>AUD</currency2><fxQuoteBasis>currency1PerCurrency2</fxQuoteBasis><formFactor>1</formFactor></fxQuotation><rate>0.76181</rate></exchangeRate><fxAsianAverageRounding>Disabled</fxAsianAverageRounding><forwardDelivery>spot</forwardDelivery><spotDate>20210104</spotDate><fxSpot><fxQuotation><currency1>USD</currency1><currency2>AUD</currency2><fxQuoteBasis>currency1PerCurrency2</fxQuoteBasis><formFactor>1</formFactor></fxQuotation><rate>0.76181</rate></fxSpot><fxQuantitiesInputMode>oneQuantity</fxQuantitiesInputMode><riskSection>AUD/USD</riskSection></fxSpotForward></tradeBody><settlementInstructions><settlementInstruction><settlementInstructionKey><partyReference href="#_1163"/><flowSign>Debit</flowSign><flowCurrency>AUD</flowCurrency><flowNature>Capital</flowNature><settlementType>Cash</settlementType><flowTypologies><flowTypology><label>Typology0</label><value/></flowTypology><flowTypology><label>Typology1</label><value/></flowTypology><flowTypology><label>Typology2</label><value/></flowTypology><flowTypology><label>Typology3</label><value/></flowTypology><flowTypology><label>Typology4</label><value/></flowTypology></flowTypologies><physicalProductLabel/><locationLabel/><portfolio>HKFXSP_TRAD1_UT</portfolio></settlementInstructionKey><settlementInstructionDescription><flowConversion>false</flowConversion><nostroReferenceId>1600</nostroReferenceId><specificNostro>false</specificNostro><customizedNostro>false</customizedNostro><nostroMatchingRulesCount>2</nostroMatchingRulesCount><vostroReferenceId>1194</vostroReferenceId><specificVostro>false</specificVostro><customizedVostro>false</customizedVostro><vostroMatchingRulesCount>1</vostroMatchingRulesCount><date>20210104</date></settlementInstructionDescription><nostroInstructions><userDefinedField><fieldLabel>CHARG_TYPE</fieldLabel><fieldIndex>12</fieldIndex><fieldValue>SHA</fieldValue><fieldType>character</fieldType></userDefinedField><userDefinedField><fieldLabel>CORR_DR_DB</fieldLabel><fieldIndex>14</fieldIndex><fieldValue>N</fieldValue><fieldType>character</fieldType></userDefinedField><userDefinedField><fieldLabel>COVR_MSG</fieldLabel><fieldIndex>15</fieldIndex><fieldValue>f</fieldValue><fieldType>character</fieldType></userDefinedField><userDefinedField><fieldLabel>CSNOTREC</fieldLabel><fieldIndex>16</fieldIndex><fieldValue>N</fieldValue><fieldType>character</fieldType></userDefinedField><userDefinedField><fieldLabel>CSNS_ACC</fieldLabel><fieldIndex>17</fieldIndex><fieldValue>CCR0001976</fieldValue><fieldType>character</fieldType></userDefinedField><userDefinedField><fieldLabel>CSNS_LBL</fieldLabel><fieldIndex>18</fieldIndex><fieldValue>CTP_1634</fieldValue><fieldType>character</fieldType></userDefinedField><userDefinedField><fieldLabel>CSNS_SWF</fieldLabel><fieldIndex>19</fieldIndex><fieldValue>APWCAU2SXXX</fieldValue><fieldType>character</fieldType></userDefinedField><userDefinedField><fieldLabel>CUT_OFF</fieldLabel><fieldIndex>20</fieldIndex><fieldValue>18:15</fieldValue><fieldType>character</fieldType></userDefinedField><userDefinedField><fieldLabel>REL_TIME</fieldLabel><fieldIndex>46</fieldIndex><fieldValue>15:00</fieldValue><fieldType>character</fieldType></userDefinedField><userDefinedField><fieldLabel>REL_TZ</fieldLabel><fieldIndex>47</fieldIndex><fieldValue>Europe/Amsterdam</fieldValue><fieldType>character</fieldType></userDefinedField><userDefinedField><fieldLabel>STL_WAY</fieldLabel><fieldIndex>67</fieldIndex><fieldValue>SWIFT</fieldValue><fieldType>character</fieldType></userDefinedField></nostroInstructions><vostroInstructions><userDefinedField><fieldLabel>BEN_ADR</fieldLabel><fieldIndex>7</fieldIndex><fieldValue>Croeselaan 18</fieldValue><fieldType>character</fieldType></userDefinedField><userDefinedField><fieldLabel>BEN_CTY</fieldLabel><fieldIndex>8</fieldIndex><fieldValue>Utrecht</fieldValue><fieldType>character</fieldType></userDefinedField><userDefinedField><fieldLabel>BEN_LBL</fieldLabel><fieldIndex>9</fieldIndex><fieldValue>CRUA-UT</fieldValue><fieldType>character</fieldType></userDefinedField><userDefinedField><fieldLabel>BEN_SWF</fieldLabel><fieldIndex>10</fieldIndex><fieldValue>BARONL2UXXX</fieldValue><fieldType>character</fieldType></userDefinedField><userDefinedField><fieldLabel>CALLBACK</fieldLabel><fieldIndex>11</fieldIndex><fieldValue>SSI Migrated from Calypso</fieldValue><fieldType>character</fieldType></userDefinedField><userDefinedField><fieldLabel>CHARG_TYPE</fieldLabel><fieldIndex>12</fieldIndex><fieldValue>SHA</fieldValue><fieldType>character</fieldType></userDefinedField><userDefinedField><fieldLabel>CORR_DR_DB</fieldLabel><fieldIndex>14</fieldIndex><fieldValue>N</fieldValue><fieldType>character</fieldType></userDefinedField><userDefinedField><fieldLabel>COVR_MSG</fieldLabel><fieldIndex>15</fieldIndex><fieldValue>N</fieldValue><fieldType>character</fieldType></userDefinedField><userDefinedField><fieldLabel>CSNOTREC</fieldLabel><fieldIndex>16</fieldIndex><fieldValue>N</fieldValue><fieldType>character</fieldType></userDefinedField><userDefinedField><fieldLabel>INT1_LBL</fieldLabel><fieldIndex>24</fieldIndex><fieldValue>CTP_1634</fieldValue><fieldType>character</fieldType></userDefinedField><userDefinedField><fieldLabel>INT1_SWF</fieldLabel><fieldIndex>25</fieldIndex><fieldValue>APWCAU2SXXX</fieldValue><fieldType>character</fieldType></userDefinedField><userDefinedField><fieldLabel>MT104_ELIG</fieldLabel><fieldIndex>33</fieldIndex><fieldValue>N</fieldValue><fieldType>character</fieldType></userDefinedField><userDefinedField><fieldLabel>STL_WAY</fieldLabel><fieldIndex>67</fieldIndex><fieldValue>SWIFT</fieldValue><fieldType>character</fieldType></userDefinedField></vostroInstructions></settlementInstruction><settlementInstruction><settlementInstructionKey><partyReference href="#_1163"/><flowSign>Credit</flowSign><flowCurrency>USD</flowCurrency><flowNature>Capital</flowNature><settlementType>Cash</settlementType><flowTypologies><flowTypology><label>Typology0</label><value/></flowTypology><flowTypology><label>Typology1</label><value/></flowTypology><flowTypology><label>Typology2</label><value/></flowTypology><flowTypology><label>Typology3</label><value/></flowTypology><flowTypology><label>Typology4</label><value/></flowTypology></flowTypologies><physicalProductLabel/><locationLabel/><portfolio>HKFXSP_TRAD1_UT</portfolio></settlementInstructionKey><settlementInstructionDescription><flowConversion>false</flowConversion><nostroReferenceId>120762</nostroReferenceId><specificNostro>false</specificNostro><customizedNostro>false</customizedNostro><nostroMatchingRulesCount>2</nostroMatchingRulesCount><vostroReferenceId>177</vostroReferenceId><specificVostro>false</specificVostro><customizedVostro>false</customizedVostro><vostroMatchingRulesCount>1</vostroMatchingRulesCount><date>20210104</date></settlementInstructionDescription><nostroInstructions><userDefinedField><fieldLabel>CHARG_TYPE</fieldLabel><fieldIndex>12</fieldIndex><fieldValue>SHA</fieldValue><fieldType>character</fieldType></userDefinedField><userDefinedField><fieldLabel>CORR_DR_DB</fieldLabel><fieldIndex>14</fieldIndex><fieldValue>N</fieldValue><fieldType>character</fieldType></userDefinedField><userDefinedField><fieldLabel>COVR_MSG</fieldLabel><fieldIndex>15</fieldIndex><fieldValue>f</fieldValue><fieldType>character</fieldType></userDefinedField><userDefinedField><fieldLabel>CSNOTREC</fieldLabel><fieldIndex>16</fieldIndex><fieldValue>N</fieldValue><fieldType>character</fieldType></userDefinedField><userDefinedField><fieldLabel>CSNS_ACC</fieldLabel><fieldIndex>17</fieldIndex><fieldValue>0011627312</fieldValue><fieldType>character</fieldType></userDefinedField><userDefinedField><fieldLabel>CSNS_LBL</fieldLabel><fieldIndex>18</fieldIndex><fieldValue>CTP_1390</fieldValue><fieldType>character</fieldType></userDefinedField><userDefinedField><fieldLabel>CSNS_SWF</fieldLabel><fieldIndex>19</fieldIndex><fieldValue>AHCSUS33XXX</fieldValue><fieldType>character</fieldType></userDefinedField><userDefinedField><fieldLabel>CUT_OFF</fieldLabel><fieldIndex>20</fieldIndex><fieldValue>18:15</fieldValue><fieldType>character</fieldType></userDefinedField><userDefinedField><fieldLabel>MT104_ELIG</fieldLabel><fieldIndex>33</fieldIndex><fieldValue>Y</fieldValue><fieldType>character</fieldType></userDefinedField><userDefinedField><fieldLabel>REL_TIME</fieldLabel><fieldIndex>46</fieldIndex><fieldValue>15:00</fieldValue><fieldType>character</fieldType></userDefinedField><userDefinedField><fieldLabel>REL_TZ</fieldLabel><fieldIndex>47</fieldIndex><fieldValue>Europe/Amsterdam</fieldValue><fieldType>character</fieldType></userDefinedField><userDefinedField><fieldLabel>SCCA_ACC</fieldLabel><fieldIndex>52</fieldIndex><fieldValue>N/A</fieldValue><fieldType>character</fieldType></userDefinedField><userDefinedField><fieldLabel>SCCA_LBL</fieldLabel><fieldIndex>53</fieldIndex><fieldValue>N/A</fieldValue><fieldType>character</fieldType></userDefinedField><userDefinedField><fieldLabel>SCCA_SWF</fieldLabel><fieldIndex>54</fieldIndex><fieldValue>N/A</fieldValue><fieldType>character</fieldType></userDefinedField><userDefinedField><fieldLabel>SCCC_ACC</fieldLabel><fieldIndex>55</fieldIndex><fieldValue>N/A</fieldValue><fieldType>character</fieldType></userDefinedField><userDefinedField><fieldLabel>SCCC_LBL</fieldLabel><fieldIndex>56</fieldIndex><fieldValue>N/A</fieldValue><fieldType>character</fieldType></userDefinedField><userDefinedField><fieldLabel>SCCC_SWF</fieldLabel><fieldIndex>57</fieldIndex><fieldValue>N/A</fieldValue><fieldType>character</fieldType></userDefinedField><userDefinedField><fieldLabel>SCOA_ACC</fieldLabel><fieldIndex>58</fieldIndex><fieldValue>N/A</fieldValue><fieldType>character</fieldType></userDefinedField><userDefinedField><fieldLabel>SCOA_LBL</fieldLabel><fieldIndex>59</fieldIndex><fieldValue>N/A</fieldValue><fieldType>character</fieldType></userDefinedField><userDefinedField><fieldLabel>SCOA_SWF</fieldLabel><fieldIndex>60</fieldIndex><fieldValue>N/A</fieldValue><fieldType>character</fieldType></userDefinedField><userDefinedField><fieldLabel>SCOC_ACC</fieldLabel><fieldIndex>61</fieldIndex><fieldValue>SCOC_ACC120762</fieldValue><fieldType>character</fieldType></userDefinedField><userDefinedField><fieldLabel>SCOC_LBL</fieldLabel><fieldIndex>62</fieldIndex><fieldValue>N/A</fieldValue><fieldType>character</fieldType></userDefinedField><userDefinedField><fieldLabel>SCOC_SWF</fieldLabel><fieldIndex>63</fieldIndex><fieldValue>N/A</fieldValue><fieldType>character</fieldType></userDefinedField><userDefinedField><fieldLabel>STL_WAY</fieldLabel><fieldIndex>67</fieldIndex><fieldValue>SWIFT</fieldValue><fieldType>character</fieldType></userDefinedField></nostroInstructions><vostroInstructions><userDefinedField><fieldLabel>BEN_ACC</fieldLabel><fieldIndex>6</fieldIndex><fieldValue>0011627312</fieldValue><fieldType>character</fieldType></userDefinedField><userDefinedField><fieldLabel>BEN_ADR</fieldLabel><fieldIndex>7</fieldIndex><fieldValue>Croeselaan 18</fieldValue><fieldType>character</fieldType></userDefinedField><userDefinedField><fieldLabel>BEN_CTY</fieldLabel><fieldIndex>8</fieldIndex><fieldValue>Utrecht</fieldValue><fieldType>character</fieldType></userDefinedField><userDefinedField><fieldLabel>BEN_LBL</fieldLabel><fieldIndex>9</fieldIndex><fieldValue>CRUA-UT</fieldValue><fieldType>character</fieldType></userDefinedField><userDefinedField><fieldLabel>BEN_SWF</fieldLabel><fieldIndex>10</fieldIndex><fieldValue>BARONL2UXXX</fieldValue><fieldType>character</fieldType></userDefinedField><userDefinedField><fieldLabel>CALLBACK</fieldLabel><fieldIndex>11</fieldIndex><fieldValue>SSI Migrated from Calypso</fieldValue><fieldType>character</fieldType></userDefinedField><userDefinedField><fieldLabel>CHARG_TYPE</fieldLabel><fieldIndex>12</fieldIndex><fieldValue>SHA</fieldValue><fieldType>character</fieldType></userDefinedField><userDefinedField><fieldLabel>CORR_DR_DB</fieldLabel><fieldIndex>14</fieldIndex><fieldValue>N</fieldValue><fieldType>character</fieldType></userDefinedField><userDefinedField><fieldLabel>COVR_MSG</fieldLabel><fieldIndex>15</fieldIndex><fieldValue>N</fieldValue><fieldType>character</fieldType></userDefinedField><userDefinedField><fieldLabel>CSNOTREC</fieldLabel><fieldIndex>16</fieldIndex><fieldValue>N</fieldValue><fieldType>character</fieldType></userDefinedField><userDefinedField><fieldLabel>INT1_LBL</fieldLabel><fieldIndex>24</fieldIndex><fieldValue>CTP_1390</fieldValue><fieldType>character</fieldType></userDefinedField><userDefinedField><fieldLabel>INT1_SWF</fieldLabel><fieldIndex>25</fieldIndex><fieldValue>AHCSUS33XXX</fieldValue><fieldType>character</fieldType></userDefinedField><userDefinedField><fieldLabel>MT104_ELIG</fieldLabel><fieldIndex>33</fieldIndex><fieldValue>N</fieldValue><fieldType>character</fieldType></userDefinedField><userDefinedField><fieldLabel>STL_WAY</fieldLabel><fieldIndex>67</fieldIndex><fieldValue>SWIFT</fieldValue><fieldType>character</fieldType></userDefinedField></vostroInstructions></settlementInstruction></settlementInstructions><confirmationInstructions><confirmationInstruction><status>Default</status><label>CI_CTP_16</label><ruleReference>16</ruleReference><validity>true</validity><partyType>common</partyType><partyName>CRUA-UT</partyName><recipientName>CRUA-UT</recipientName><filterLabel>isPartySwift</filterLabel><documentTypeLabel>SWIFT</documentTypeLabel><language/><customInformation/><notification>no</notification><address><country>NL</country><city>Utrecht</city><postCode>POSTCODE</postCode><streetAddress><streetAddressElement index="0">ADDRESS0</streetAddressElement><streetAddressElement index="1">ADDRESS1</streetAddressElement><streetAddressElement index="2">ADDRESS2</streetAddressElement><streetAddressElement index="3">ADDRESS3</streetAddressElement></streetAddress><telephone>TEL</telephone><fax>FAX</fax><email>EMAIL</email><telex>TLX</telex><swift>BARONL2UXXX</swift><contacts/><comments/></address><negativeAffirmation>no</negativeAffirmation><chasing>no</chasing><confirmationCustomizations/></confirmationInstruction></confirmationInstructions><tradeInputConditions><inputBy><userName>RABOAI</userName></inputBy><systemDate>20201230</systemDate><computerDate>20201230</computerDate><validityDate>20201230</validityDate><computerTime>01:32:15</computerTime><areaCode>0</areaCode><lateTrading>earlyTrading</lateTrading><timestamp>20201230 00:32:15:810</timestamp><modified>false</modified><initialData/><executionTimestamp>2020-12-30T00:32:15.810</executionTimestamp></tradeInputConditions><tradeStatus><physicalStatus>dead</physicalStatus></tradeStatus><tradeVersions><tradeVersion><businessObjectId><identifier>7881405</identifier><baseIdentifier>7881405</baseIdentifier><versionIdentifier><versionRevision><versionNumber>1</versionNumber><versionDateAndTime><date>00000000</date></versionDateAndTime></versionRevision></versionIdentifier><primarySystem>MX</primarySystem></businessObjectId><contractEventReference mefClass=""><contractEventId><internalId>0</internalId></contractEventId></contractEventReference><eventVersion>0</eventVersion><contractEventOriginReference mefClass=""><contractEventId><internalId>0</internalId><businessObjectId><versionIdentifier><versionRevision><versionNumber>1</versionNumber><versionDateAndTime><date>00000000</date></versionDateAndTime></versionRevision></versionIdentifier><primarySystem>MX</primarySystem></businessObjectId></contractEventId></contractEventOriginReference><action>INSERT</action><date>20201230</date><validityDate>20201230</validityDate><timestamp>2020/12/30 00:32:15.810</timestamp><lateTrading>N</lateTrading><tradePurpose>MfBJy44236</tradePurpose><tradePurposeDisplayedLabel>Contract</tradePurposeDisplayedLabel><tradePurposeId>0</tradePurposeId><stpStatuses><stpStatus><stpStatusKey>STP_STATUS_VALIDATION_LEVEL</stpStatusKey><stpStatusValue>Final</stpStatusValue></stpStatus><stpStatus><stpStatusKey>STP_STATUS</stpStatusKey><stpStatusValue/></stpStatus><stpStatus><stpStatusKey>STP_STATUS1</stpStatusKey><stpStatusValue/></stpStatus><stpStatus><stpStatusKey>STP_STATUS2</stpStatusKey><stpStatusValue/></stpStatus><stpStatus><stpStatusKey>STP_STATUS3</stpStatusKey><stpStatusValue/></stpStatus><stpStatus><stpStatusKey>STP_STATUS4</stpStatusKey><stpStatusValue/></stpStatus></stpStatuses><isActive>true</isActive></tradeVersion><tradeVersion><businessObjectId><identifier>7881405</identifier><baseIdentifier>7881405</baseIdentifier><versionIdentifier><versionRevision><versionNumber>2</versionNumber><versionDateAndTime><date>00000000</date></versionDateAndTime></versionRevision></versionIdentifier><primarySystem>MX</primarySystem></businessObjectId><contractEventReference mefClass="mxContractEventIREFRESH"><contractEventId><internalId>27850140</internalId><businessObjectId><identifier>27850140</identifier><baseIdentifier>27850140</baseIdentifier><versionIdentifier><versionRevision><versionNumber>1</versionNumber><versionDateAndTime><date>00000000</date></versionDateAndTime></versionRevision></versionIdentifier><primarySystem>MX</primarySystem></businessObjectId></contractEventId></contractEventReference><eventVersion>1</eventVersion><contractEventOriginReference mefClass="mxContractEventIREFRESH"><contractEventId><internalId>27850140</internalId><businessObjectId><identifier>27850140</identifier><baseIdentifier>27850140</baseIdentifier><versionIdentifier><versionRevision><versionNumber>1</versionNumber><versionDateAndTime><date>00000000</date></versionDateAndTime></versionRevision></versionIdentifier><primarySystem>MX</primarySystem></businessObjectId></contractEventId></contractEventOriginReference><action>INSERT</action><date>20201230</date><validityDate>20201230</validityDate><timestamp>2020/12/30 15:48:18.410</timestamp><lateTrading>N</lateTrading><tradePurpose>MfBJy44236</tradePurpose><tradePurposeDisplayedLabel>Contract</tradePurposeDisplayedLabel><tradePurposeId>0</tradePurposeId><stpStatuses><stpStatus><stpStatusKey>STP_STATUS_VALIDATION_LEVEL</stpStatusKey><stpStatusValue/></stpStatus><stpStatus><stpStatusKey>STP_STATUS</stpStatusKey><stpStatusValue/></stpStatus><stpStatus><stpStatusKey>STP_STATUS1</stpStatusKey><stpStatusValue/></stpStatus><stpStatus><stpStatusKey>STP_STATUS2</stpStatusKey><stpStatusValue/></stpStatus><stpStatus><stpStatusKey>STP_STATUS3</stpStatusKey><stpStatusValue/></stpStatus><stpStatus><stpStatusKey>STP_STATUS4</stpStatusKey><stpStatusValue/></stpStatus></stpStatuses><isActive>true</isActive></tradeVersion></tradeVersions></trade></trades></MxML>