<?xml version="1.0" encoding="UTF-8"?><MxML version="1-1"><documentProperties><producedBy><partyName>RABOBANK</partyName><user><name>MUREXFO</name><group>FO</group><desk>FOD EUROPE</desk><code/></user></producedBy><systemDate>20210106</systemDate><accountingDate>00000000</accountingDate><computerDate>20210222</computerDate><computerTime>14:17:20</computerTime></documentProperties><contracts><contract mefClass="mxContractISINGLE" mefClassInstanceType="8.000000" mefClassInstanceLabel="Loans/Deposits" id="contract_7330599"><businessObjectId mefClass="mxContractISINGLE" mefClassInstanceType="8"><identifier>7330599</identifier><baseIdentifier>7330599</baseIdentifier><versionIdentifier><versionRevision><versionNumber>1</versionNumber><versionDateAndTime><date>00000000</date></versionDateAndTime></versionRevision></versionIdentifier><primarySystem>MX</primarySystem></businessObjectId><contractId><internalId>7330599</internalId><rootContract>7330599</rootContract></contractId><regulatoryInformation><regulatoryIdentifiers><partyTradeIdentifier><issuer/><tradeId/></partyTradeIdentifier><centralCounterpartyId/></regulatoryIdentifiers><clearingEligibility>false</clearingEligibility><clearingMandatory>false</clearingMandatory><clearingDecision>false</clearingDecision><nettingEligibility customized="false">false</nettingEligibility></regulatoryInformation><contractBusinessObjectTemplate><businessObjectId><identifier>839</identifier><displayLabel>Loan/Deposit</displayLabel></businessObjectId></contractBusinessObjectTemplate><contractHeader><collateralAgreement><excludeFromPool>false</excludeFromPool></collateralAgreement><contractCategory><typology>Loan Deposit</typology><mainTypologyPath>/Typologies/ALL/Loan Deposit</mainTypologyPath><usage/><onshoreOffshore>NONE</onshoreOffshore><collateralAgreementCategory>NONE</collateralAgreementCategory><pricingCounterparty href="#_1163"/></contractCategory><contractAgreements><settlementMethod/></contractAgreements><contractSource><sourceSystem>Theoretical</sourceSystem><sourceModule>mx</sourceModule><originPublishingSystem>MX</originPublishingSystem><publishingSystem>MX</publishingSystem><packageReference mefClass="mxContractIPACKAGE_INTERNAL"><businessObjectId mefClass="mxContractIPACKAGE_INTERNAL" mefClassInstanceType="0"><identifier>7330600</identifier><primarySystem>MX</primarySystem></businessObjectId><packageId><internalId>7330600</internalId><creatorId>0</creatorId></packageId></packageReference><contractEventReference mefClass=""><contractEventId><internalId>0</internalId></contractEventId></contractEventReference><contractCreatorReference mefClass=""/><contractOriginReference mefClass="mxContractISINGLE"><businessObjectId mefClass="mxContractISINGLE" mefClassInstanceType="8"><identifier>7330599</identifier><primarySystem>MX</primarySystem></businessObjectId><contractId><internalId>7330599</internalId><rootContract>7330599</rootContract></contractId></contractOriginReference><version>1</version><lastContractEventReference mefClass=""><contractEventId><internalId>0</internalId></contractEventId></lastContractEventReference><lastContractEventAction>INSERT</lastContractEventAction><originContractEventReference mefClass=""><contractEventId><internalId>0</internalId></contractEventId></originContractEventReference><originDate>20201230</originDate><workflowParties><wopInitiator><role>RCV</role><name>ROTSTEEGEO</name><group>T_HK_LM</group></wopInitiator><wopLastActor><role>RCV</role><name>ROTSTEEGEO</name><group>T_HK_LM</group></wopLastActor><wopInternalTrader><name/><group/></wopInternalTrader><wopInternalPortfolio><wopIsBackToBack>N</wopIsBackToBack></wopInternalPortfolio><wopParties/></workflowParties></contractSource></contractHeader><inputConditions><inputBy/><areaCode>0</areaCode><timestamp>20201230 01:54:50:653</timestamp><modified>false</modified></inputConditions><contractComponents><contractComponent><typologyId>2</typologyId><tradeReference href="#trade_7881671"/></contractComponent></contractComponents><legalMasterAgreement/><legalMasterConfirmationAgreement/></contract></contracts><trades><trade mefClass="mxContractITRADE" mefClassInstanceType="8.000000" id="trade_7881671"><businessObjectId mefClass="mxContractITRADE" mefClassInstanceType="8"><identifier>7881671</identifier><baseIdentifier>7881671</baseIdentifier><versionIdentifier><versionRevision><versionNumber>1</versionNumber><versionDateAndTime><date>00000000</date></versionDateAndTime></versionRevision></versionIdentifier><primarySystem>MX</primarySystem></businessObjectId><parties><party id="RABOBANK"><partyName>RABOBANK</partyName><partyFullName>RABOBANK</partyFullName><partyCode>RABOBANK22</partyCode></party><party id="_1163"><partyName>CRUA-UT</partyName></party></parties><portfolios><portfolio id="UTLIQ_STLM"><portfolioLabel>UTLIQ_STLM</portfolioLabel></portfolio></portfolios><tradeHeader><tradeDate>20201230</tradeDate><tradeCategory><tradeDestination>external</tradeDestination><tradeFamily>IRD</tradeFamily><tradeGroup>LN_BR</tradeGroup><typology>Loan Deposit</typology><mainTypologyPath>/Typologies/ALL/Loan Deposit</mainTypologyPath><usage/><collateralAgreementCategory>NONE</collateralAgreementCategory><pricingCounterparty href="#_1163"/></tradeCategory><tradeSource><tradeOriginId>7881671</tradeOriginId><replacementDate>20201230</replacementDate><originPublishingSystemID>7881671</originPublishingSystemID></tradeSource><tradeViews><tradeView><partyReference href="#RABOBANK"><portfolioReference href="#UTLIQ_STLM"/></partyReference><userName>ROTSTEEGEO</userName><accountingSection>AC</accountingSection><entity>EUROPE_EUR</entity><legalEntity>CRUA-UT</legalEntity><tradeId><tradeInternalId>7881671</tradeInternalId><hostingSystem>MX</hostingSystem><publishingSystemID>7881671</publishingSystemID></tradeId><comments><comment index="0">BCOMMENT0</comment></comments></tradeView><tradeView><partyReference href="#_1163"/><entity>EUROPE_EUR</entity><comments><comment index="0">SCOMMENT0</comment></comments></tradeView></tradeViews><tradeUserDefinedFields><userDefinedField><fieldLabel>ACTUA_SLOC</fieldLabel><fieldIndex>0</fieldIndex><fieldValue>HK</fieldValue><fieldType>character</fieldType></userDefinedField><userDefinedField><fieldLabel>ADDR_TYPE</fieldLabel><fieldIndex>1</fieldIndex><fieldValue>NONE</fieldValue><fieldType>character</fieldType></userDefinedField><userDefinedField><fieldLabel>AUTO_CLR</fieldLabel><fieldIndex>8</fieldIndex><fieldValue>false</fieldValue><fieldType>character</fieldType></userDefinedField><userDefinedField><fieldLabel>BANK_MID</fieldLabel><fieldIndex>10</fieldIndex><fieldValue>0.</fieldValue><fieldType>numeric</fieldType></userDefinedField><userDefinedField><fieldLabel>BOB</fieldLabel><fieldIndex>16</fieldIndex><fieldValue>HK</fieldValue><fieldType>character</fieldType></userDefinedField><userDefinedField><fieldLabel>BUY_SELL</fieldLabel><fieldIndex>22</fieldIndex><fieldValue>SELLER</fieldValue><fieldType>character</fieldType></userDefinedField><userDefinedField><fieldLabel>CAP_REINVE</fieldLabel><fieldIndex>27</fieldIndex><fieldValue>0.</fieldValue><fieldType>numeric</fieldType></userDefinedField><userDefinedField><fieldLabel>CAP_TYPE</fieldLabel><fieldIndex>28</fieldIndex><fieldValue>Cap Vanilla</fieldValue><fieldType>character</fieldType></userDefinedField><userDefinedField><fieldLabel>COLLAT_MRG</fieldLabel><fieldIndex>54</fieldIndex><fieldValue>0.</fieldValue><fieldType>numeric</fieldType></userDefinedField><userDefinedField><fieldLabel>COM_HEDGE</fieldLabel><fieldIndex>55</fieldIndex><fieldValue>Y</fieldValue><fieldType>character</fieldType></userDefinedField><userDefinedField><fieldLabel>CONFIRMABL</fieldLabel><fieldIndex>56</fieldIndex><fieldValue>Y</fieldValue><fieldType>character</fieldType></userDefinedField><userDefinedField><fieldLabel>CS_TYPE</fieldLabel><fieldIndex>69</fieldIndex><fieldValue>Currency Swap</fieldValue><fieldType>character</fieldType></userDefinedField><userDefinedField><fieldLabel>CTP_BOOK</fieldLabel><fieldIndex>72</fieldIndex><fieldValue>HKLIQ_STLM_UT</fieldValue><fieldType>character</fieldType></userDefinedField><userDefinedField><fieldLabel>DELIV_TYPE</fieldLabel><fieldIndex>77</fieldIndex><fieldValue>CASH</fieldValue><fieldType>character</fieldType></userDefinedField><userDefinedField><fieldLabel>DIST_DESC</fieldLabel><fieldIndex>79</fieldIndex><fieldValue>Borrow 100,000,000 EUR from 31 dec 2020 to 10 feb 2021 @ -0.5000% (EUR)</fieldValue><fieldType>character</fieldType></userDefinedField><userDefinedField><fieldLabel>DIST_STAT</fieldLabel><fieldIndex>80</fieldIndex><fieldValue>Tradable</fieldValue><fieldType>character</fieldType></userDefinedField><userDefinedField><fieldLabel>DIST_TTL</fieldLabel><fieldIndex>81</fieldIndex><fieldValue>0</fieldValue><fieldType>numeric</fieldType></userDefinedField><userDefinedField><fieldLabel>EMMIDRATE</fieldLabel><fieldIndex>89</fieldIndex><fieldValue>0.</fieldValue><fieldType>numeric</fieldType></userDefinedField><userDefinedField><fieldLabel>EMUCOMRATE</fieldLabel><fieldIndex>92</fieldIndex><fieldValue>0.</fieldValue><fieldType>numeric</fieldType></userDefinedField><userDefinedField><fieldLabel>EXEC_MIC</fieldLabel><fieldIndex>99</fieldIndex><fieldValue>RABO</fieldValue><fieldType>character</fieldType></userDefinedField><userDefinedField><fieldLabel>EXEC_TS</fieldLabel><fieldIndex>100</fieldIndex><fieldValue>2020-12-30T02:42:33.271000+01:00</fieldValue><fieldType>character</fieldType></userDefinedField><userDefinedField><fieldLabel>EXEC_TYPE</fieldLabel><fieldIndex>101</fieldIndex><fieldValue>NON-SEF</fieldValue><fieldType>character</fieldType></userDefinedField><userDefinedField><fieldLabel>EXEFRM_ID</fieldLabel><fieldIndex>102</fieldIndex><fieldValue>ROTSTEEGEO</fieldValue><fieldType>character</fieldType></userDefinedField><userDefinedField><fieldLabel>EXTMIDRATE</fieldLabel><fieldIndex>103</fieldIndex><fieldValue>0.</fieldValue><fieldType>numeric</fieldType></userDefinedField><userDefinedField><fieldLabel>FIELD57_B1</fieldLabel><fieldIndex>108</fieldIndex><fieldValue>SSI</fieldValue><fieldType>character</fieldType></userDefinedField><userDefinedField><fieldLabel>FIELD57_B2</fieldLabel><fieldIndex>109</fieldIndex><fieldValue>SSI</fieldValue><fieldType>character</fieldType></userDefinedField><userDefinedField><fieldLabel>FINCOST</fieldLabel><fieldIndex>110</fieldIndex><fieldValue>0.</fieldValue><fieldType>numeric</fieldType></userDefinedField><userDefinedField><fieldLabel>FINCOSTCCY</fieldLabel><fieldIndex>111</fieldIndex><fieldValue>EUR</fieldValue><fieldType>character</fieldType></userDefinedField><userDefinedField><fieldLabel>FOWARNING</fieldLabel><fieldIndex>113</fieldIndex><fieldValue> / / / / / / / / /</fieldValue><fieldType>character</fieldType></userDefinedField><userDefinedField><fieldLabel>FTP_SPRD</fieldLabel><fieldIndex>114</fieldIndex><fieldValue>0.</fieldValue><fieldType>numeric</fieldType></userDefinedField><userDefinedField><fieldLabel>IND_CLIENT</fieldLabel><fieldIndex>117</fieldIndex><fieldValue>NON-CLIENT</fieldValue><fieldType>character</fieldType></userDefinedField><userDefinedField><fieldLabel>IND_SEC</fieldLabel><fieldIndex>118</fieldIndex><fieldValue>N</fieldValue><fieldType>character</fieldType></userDefinedField><userDefinedField><fieldLabel>IND_SHORT</fieldLabel><fieldIndex>119</fieldIndex><fieldValue>N</fieldValue><fieldType>character</fieldType></userDefinedField><userDefinedField><fieldLabel>INT_ACCRU</fieldLabel><fieldIndex>121</fieldIndex><fieldValue>0.</fieldValue><fieldType>numeric</fieldType></userDefinedField><userDefinedField><fieldLabel>INT_REINVE</fieldLabel><fieldIndex>122</fieldIndex><fieldValue>0.</fieldValue><fieldType>numeric</fieldType></userDefinedField><userDefinedField><fieldLabel>INVCOST</fieldLabel><fieldIndex>123</fieldIndex><fieldValue>0.</fieldValue><fieldType>numeric</fieldType></userDefinedField><userDefinedField><fieldLabel>INVCOSTCCY</fieldLabel><fieldIndex>124</fieldIndex><fieldValue>EUR</fieldValue><fieldType>character</fieldType></userDefinedField><userDefinedField><fieldLabel>INVDEC_ID</fieldLabel><fieldIndex>125</fieldIndex><fieldValue>ROTSTEEGEO</fieldValue><fieldType>character</fieldType></userDefinedField><userDefinedField><fieldLabel>IN_MRG_APP</fieldLabel><fieldIndex>126</fieldIndex><fieldValue>No</fieldValue><fieldType>character</fieldType></userDefinedField><userDefinedField><fieldLabel>IRR_SPRD</fieldLabel><fieldIndex>128</fieldIndex><fieldValue>0.</fieldValue><fieldType>numeric</fieldType></userDefinedField><userDefinedField><fieldLabel>IS_PSR</fieldLabel><fieldIndex>133</fieldIndex><fieldValue>0</fieldValue><fieldType>numeric</fieldType></userDefinedField><userDefinedField><fieldLabel>LB_PROFIT</fieldLabel><fieldIndex>139</fieldIndex><fieldValue>0.</fieldValue><fieldType>numeric</fieldType></userDefinedField><userDefinedField><fieldLabel>LD_TYPE</fieldLabel><fieldIndex>140</fieldIndex><fieldValue>IAM</fieldValue><fieldType>character</fieldType></userDefinedField><userDefinedField><fieldLabel>MIGRATED</fieldLabel><fieldIndex>156</fieldIndex><fieldValue>NO</fieldValue><fieldType>character</fieldType></userDefinedField><userDefinedField><fieldLabel>MIG_JOB_ID</fieldLabel><fieldIndex>158</fieldIndex><fieldValue>0</fieldValue><fieldType>numeric</fieldType></userDefinedField><userDefinedField><fieldLabel>MRG_VAL</fieldLabel><fieldIndex>161</fieldIndex><fieldValue>0.</fieldValue><fieldType>numeric</fieldType></userDefinedField><userDefinedField><fieldLabel>OPT_SPRD</fieldLabel><fieldIndex>172</fieldIndex><fieldValue>0.</fieldValue><fieldType>numeric</fieldType></userDefinedField><userDefinedField><fieldLabel>O_PRICE</fieldLabel><fieldIndex>183</fieldIndex><fieldValue>0.</fieldValue><fieldType>numeric</fieldType></userDefinedField><userDefinedField><fieldLabel>O_PRICE1</fieldLabel><fieldIndex>184</fieldIndex><fieldValue>0.</fieldValue><fieldType>numeric</fieldType></userDefinedField><userDefinedField><fieldLabel>PAPER</fieldLabel><fieldIndex>185</fieldIndex><fieldValue>N</fieldValue><fieldType>character</fieldType></userDefinedField><userDefinedField><fieldLabel>PENDING</fieldLabel><fieldIndex>188</fieldIndex><fieldValue>NO</fieldValue><fieldType>character</fieldType></userDefinedField><userDefinedField><fieldLabel>SPECULATIV</fieldLabel><fieldIndex>208</fieldIndex><fieldValue>N</fieldValue><fieldType>character</fieldType></userDefinedField><userDefinedField><fieldLabel>STAMP_RATE</fieldLabel><fieldIndex>211</fieldIndex><fieldValue>0.</fieldValue><fieldType>numeric</fieldType></userDefinedField><userDefinedField><fieldLabel>STMP_TX_RT</fieldLabel><fieldIndex>212</fieldIndex><fieldValue>0.</fieldValue><fieldType>numeric</fieldType></userDefinedField><userDefinedField><fieldLabel>SWP_TYPE</fieldLabel><fieldIndex>214</fieldIndex><fieldValue>Vanilla</fieldValue><fieldType>character</fieldType></userDefinedField><userDefinedField><fieldLabel>TRAD_CAPA</fieldLabel><fieldIndex>221</fieldIndex><fieldValue>DEAL</fieldValue><fieldType>character</fieldType></userDefinedField><userDefinedField><fieldLabel>TRDA_ONSEF</fieldLabel><fieldIndex>223</fieldIndex><fieldValue>No</fieldValue><fieldType>character</fieldType></userDefinedField><userDefinedField><fieldLabel>TRD_LCL_TS</fieldLabel><fieldIndex>224</fieldIndex><fieldValue>30-DEC-2020 09:54:50:858 +08:00</fieldValue><fieldType>character</fieldType></userDefinedField><userDefinedField><fieldLabel>TRD_ON_DCM</fieldLabel><fieldIndex>225</fieldIndex><fieldValue>No</fieldValue><fieldType>character</fieldType></userDefinedField><userDefinedField><fieldLabel>T_LOCATION</fieldLabel><fieldIndex>226</fieldIndex><fieldValue>HK</fieldValue><fieldType>character</fieldType></userDefinedField><userDefinedField><fieldLabel>UNWAMORTF</fieldLabel><fieldIndex>227</fieldIndex><fieldValue>0.</fieldValue><fieldType>numeric</fieldType></userDefinedField><userDefinedField><fieldLabel>U_EXEC_TS</fieldLabel><fieldIndex>242</fieldIndex><fieldValue>2020-12-30T02:42:33.271000+01:00</fieldValue><fieldType>character</fieldType></userDefinedField><userDefinedField><fieldLabel>VAAMT</fieldLabel><fieldIndex>245</fieldIndex><fieldValue>0.</fieldValue><fieldType>numeric</fieldType></userDefinedField><userDefinedField><fieldLabel>VAAMTCCY</fieldLabel><fieldIndex>246</fieldIndex><fieldValue>EUR</fieldValue><fieldType>character</fieldType></userDefinedField><userDefinedField><fieldLabel>VAR_NOTNL</fieldLabel><fieldIndex>247</fieldIndex><fieldValue>N</fieldValue><fieldType>character</fieldType></userDefinedField><userDefinedField><fieldLabel>VOICE_ELEC</fieldLabel><fieldIndex>248</fieldIndex><fieldValue>VOICE</fieldValue><fieldType>character</fieldType></userDefinedField><userDefinedField><fieldLabel>XVA_AMOUNT</fieldLabel><fieldIndex>249</fieldIndex><fieldValue>0</fieldValue><fieldType>numeric</fieldType></userDefinedField></tradeUserDefinedFields><tradeFees/><tradeAgreements><paymentNetting>true</paymentNetting></tradeAgreements><contractReference mefClass="mxContractISINGLE"><businessObjectId mefClass="mxContractISINGLE" mefClassInstanceType="8"><identifier>7330599</identifier><primarySystem>MX</primarySystem></businessObjectId><contractId><internalId>7330599</internalId><rootContract>7330599</rootContract></contractId></contractReference><tradeProcessing><nonUnwoundRatio>1</nonUnwoundRatio><remainingLiveQuantity>100000000</remainingLiveQuantity></tradeProcessing><tradeAccountingInfo><tradeHedging><hedgedTransactionSold>false</hedgedTransactionSold></tradeHedging></tradeAccountingInfo></tradeHeader><tradeBody><loanDeposit><templateGenerationData><templateGenerationNature>1</templateGenerationNature><currency>EUR</currency></templateGenerationData><structure><numberOfPhases>1</numberOfPhases><numberOfLegs>1</numberOfLegs><stubPeriodPosition>upFront</stubPeriodPosition><marketQuoteDrivingLeg>automatic</marketQuoteDrivingLeg><bidASkDrivingLeg>automatic</bidASkDrivingLeg><settlementDateShifter><settlementDateShifterMode>Inherited from currency</settlementDateShifterMode></settlementDateShifter><evaluationMode>default</evaluationMode><floatingRateEstimation>default</floatingRateEstimation></structure><stream><streamTemplate><phase>1</phase><leg>1</leg><payoutType>fixedRate</payoutType><paymentCurrency>EUR</paymentCurrency><initialCapitalCurrency>EUR</initialCapitalCurrency><initialPaymentCurrency>EUR</initialPaymentCurrency><intermediateCapitalCurrency>EUR</intermediateCapitalCurrency><finalCapitalCurrency>EUR</finalCapitalCurrency><startDateShifter><dateShifterLabel>+2 BUSINESS DAY</dateShifterLabel><businessObjectId mefClass="mxStaticsDatesISHIFTER"><identifier>+2 BUSINESS DAY</identifier><primarySystem>MX</primarySystem></businessObjectId><dateShifterDirection>forward</dateShifterDirection><shift><periodUnit>businessDay</periodUnit><periodMultiplier>2</periodMultiplier></shift><shifterAlgorithm>union</shifterAlgorithm></startDateShifter><paymentBusinessCenters><businessCenterLabel>TGT</businessCenterLabel><businessCenter>TGT</businessCenter><businessCenterItem><swiftCode>EUTA</swiftCode></businessCenterItem></paymentBusinessCenters><streamSchedules><calculationSchedule><scheduleNature>drivingSchedule</scheduleNature><scheduleGenerator><scheduleGeneratorLabel>1Y MODFOL</scheduleGeneratorLabel><businessObjectId mefClass="mxStaticsDatesISCHEDULE_GENERATOR"><identifier>1Y MODFOL</identifier><primarySystem>MX</primarySystem></businessObjectId><standardScheduleGenerator><creationMode>new</creationMode><defaultFrequency><periodUnit>year</periodUnit><periodMultiplier>1</periodMultiplier></defaultFrequency><dateShifterDirection>forward</dateShifterDirection><keepIdenticalDates>false</keepIdenticalDates><businessDayConvention>modifiedFollowing</businessDayConvention><startDateTreatment><dateTreatment>rollConvention</dateTreatment></startDateTreatment><endDateTreatment><dateTreatment>rollConvention</dateTreatment></endDateTreatment><adjustFirst>false</adjustFirst></standardScheduleGenerator></scheduleGenerator><frequency><periodUnit>year</periodUnit><periodMultiplier>1</periodMultiplier></frequency></calculationSchedule><calculationEndSchedule><scheduleNature>equalTo</scheduleNature><underlyingSchedule>calculationSchedule</underlyingSchedule><internalFrequencyRatio>1</internalFrequencyRatio></calculationEndSchedule><paymentSchedule><scheduleNature>equalTo</scheduleNature><underlyingSchedule>calculationSchedule</underlyingSchedule><internalFrequencyRatio>1</internalFrequencyRatio></paymentSchedule><deliverySchedule><scheduleNature>equalTo</scheduleNature><underlyingSchedule>calculationSchedule</underlyingSchedule><internalFrequencyRatio>1</internalFrequencyRatio></deliverySchedule><singlePeriod>false</singlePeriod><adjustEndDate>no</adjustEndDate></streamSchedules><fixedRateStreamTemplate><deliveryData/></fixedRateStreamTemplate><paymentPosition>inArrears</paymentPosition><amortizingType>no</amortizingType><rateConvention><rateConventionLabel>LIN ACT/360</rateConventionLabel><businessObjectId mefClass="mxStaticsRatesIRATE_CONVENTION"><identifier>LIN ACT/360</identifier><primarySystem>MX</primarySystem></businessObjectId><dayCountFraction><dayCountFractionLabel>ACT/360</dayCountFractionLabel><businessObjectId mefClass="mxStaticsDatesIDAY_COUNT_FRACTION"><identifier>ACT/360</identifier><primarySystem>MX</primarySystem></businessObjectId><dayCountDescription/><numeratorConvention>ACT</numeratorConvention><denominatorConvention>360</denominatorConvention><dayCountStandardDenomination>ACT/360</dayCountStandardDenomination><periodsBreakdown><dayCountPeriodicity>year</dayCountPeriodicity></periodsBreakdown></dayCountFraction></rateConvention><interestRatesRoundingRule><roundingDirection>none</roundingDirection><roundingPrecision>0</roundingPrecision></interestRatesRoundingRule><interestFlowsRoundingRule><roundingDirection>nearest</roundingDirection><roundingPrecision>2</roundingPrecision></interestFlowsRoundingRule><capitalExchanges><initialCapitalExchange>true</initialCapitalExchange><finalCapitalExchange>true</finalCapitalExchange><intermediateCapitalExchange>true</intermediateCapitalExchange></capitalExchanges><settlementNature>cashSettled</settlementNature><potentialStubs><initialStubCharacteristics><couponLength>shortCoupon</couponLength></initialStubCharacteristics></potentialStubs><proratize>Apply</proratize><indexed>false</indexed><rateFormula>standard</rateFormula></streamTemplate><payerPartyReference href="#_1163"/><receiverPartyReference href="#RABOBANK"><portfolioReference href="#UTLIQ_STLM"/></receiverPartyReference><payReceive>receive</payReceive><effectiveDate>20201231</effectiveDate><maturity>20210210</maturity><adjustedEffectiveDate>20201231</adjustedEffectiveDate><adjustedMaturity>20210210</adjustedMaturity><rollDate>20210210</rollDate><capital><initialCapitalAmount>100000000</initialCapitalAmount><initialCapitalCurrency>EUR</initialCapitalCurrency><initialPaymentCurrency>EUR</initialPaymentCurrency><intermediateCapitalCurrency>EUR</intermediateCapitalCurrency><finalCapitalCurrency>EUR</finalCapitalCurrency><referenceCapitalAmount>100000000</referenceCapitalAmount><referenceCapitalCurrency>EUR</referenceCapitalCurrency></capital><fixedRateStream><fixedRate>-0.5</fixedRate></fixedRateStream><assetLiability>liability</assetLiability><stubPeriods><initialStub/></stubPeriods><cashFlows><interestFlows><interestPaymentPeriod><paymentDate>20210210</paymentDate><calculationPeriod><notionalAmount>100000000</notionalAmount><calculationStartDate>20201231</calculationStartDate><calculationEndDate>20210210</calculationEndDate><periodDayCountFactor>0.113888888888889</periodDayCountFactor><periodDayCountInitialFactor>0.113888888888889</periodDayCountInitialFactor><fixedRatePeriod><fixedRate>-0.5</fixedRate></fixedRatePeriod><duration>1</duration><contributionFlows><contributionFlow><calculationPeriod><notionalAmount>100000000</notionalAmount><calculationStartDate>20201231</calculationStartDate><calculationEndDate>20210210</calculationEndDate></calculationPeriod></contributionFlow></contributionFlows></calculationPeriod><interestFlow>-56944.44</interestFlow><currency>EUR</currency></interestPaymentPeriod></interestFlows><eventInterestFlows/><capitalFlows><flow><payerPartyReference href="#RABOBANK"><portfolioReference href="#UTLIQ_STLM"/></payerPartyReference><receiverPartyReference href="#_1163"/><date>20201231</date><currency>EUR</currency><flowType>PRI</flowType><flowSubType>INI</flowSubType><amount>100000000</amount></flow><flow><payerPartyReference href="#_1163"/><receiverPartyReference href="#RABOBANK"><portfolioReference href="#UTLIQ_STLM"/></receiverPartyReference><date>20210210</date><currency>EUR</currency><flowType>PRI</flowType><flowSubType>FIN</flowSubType><amount>100000000</amount></flow></capitalFlows></cashFlows></stream><customized>false</customized><referFlag>false</referFlag><additionalFlowsLegDissociate>false</additionalFlowsLegDissociate><additionalFlowsSignDisableBSBased>false</additionalFlowsSignDisableBSBased></loanDeposit></tradeBody><settlementInstructions><settlementInstruction><settlementInstructionKey><partyReference href="#_1163"/><flowSign>Credit</flowSign><flowCurrency>EUR</flowCurrency><flowNature>Capital</flowNature><settlementType>Cash</settlementType><flowTypologies><flowTypology><label>Typology0</label><value/></flowTypology><flowTypology><label>Typology1</label><value/></flowTypology><flowTypology><label>Typology2</label><value/></flowTypology><flowTypology><label>Typology3</label><value/></flowTypology><flowTypology><label>Typology4</label><value/></flowTypology></flowTypologies><physicalProductLabel/><locationLabel/><portfolio>UTLIQ_STLM</portfolio></settlementInstructionKey><settlementInstructionDescription><flowConversion>false</flowConversion><nostroReferenceId>113222</nostroReferenceId><specificNostro>false</specificNostro><customizedNostro>false</customizedNostro><nostroMatchingRulesCount>2</nostroMatchingRulesCount><vostroReferenceId>1844</vostroReferenceId><specificVostro>false</specificVostro><customizedVostro>false</customizedVostro><vostroMatchingRulesCount>2</vostroMatchingRulesCount><date>20210210</date></settlementInstructionDescription><nostroInstructions><userDefinedField><fieldLabel>CHARG_TYPE</fieldLabel><fieldIndex>12</fieldIndex><fieldValue>SHA</fieldValue><fieldType>character</fieldType></userDefinedField><userDefinedField><fieldLabel>CORR_DR_DB</fieldLabel><fieldIndex>14</fieldIndex><fieldValue>N</fieldValue><fieldType>character</fieldType></userDefinedField><userDefinedField><fieldLabel>COVR_MSG</fieldLabel><fieldIndex>15</fieldIndex><fieldValue>f</fieldValue><fieldType>character</fieldType></userDefinedField><userDefinedField><fieldLabel>CSNOTREC</fieldLabel><fieldIndex>16</fieldIndex><fieldValue>N</fieldValue><fieldType>character</fieldType></userDefinedField><userDefinedField><fieldLabel>CSNS_ACC</fieldLabel><fieldIndex>17</fieldIndex><fieldValue>NL30RABO0126691118</fieldValue><fieldType>character</fieldType></userDefinedField><userDefinedField><fieldLabel>CSNS_LBL</fieldLabel><fieldIndex>18</fieldIndex><fieldValue>CRUA-UT</fieldValue><fieldType>character</fieldType></userDefinedField><userDefinedField><fieldLabel>CSNS_SWF</fieldLabel><fieldIndex>19</fieldIndex><fieldValue>BARONL2UXXX</fieldValue><fieldType>character</fieldType></userDefinedField><userDefinedField><fieldLabel>CUT_OFF</fieldLabel><fieldIndex>20</fieldIndex><fieldValue>17:00</fieldValue><fieldType>character</fieldType></userDefinedField><userDefinedField><fieldLabel>REL_TIME</fieldLabel><fieldIndex>46</fieldIndex><fieldValue>10:00</fieldValue><fieldType>character</fieldType></userDefinedField><userDefinedField><fieldLabel>REL_TZ</fieldLabel><fieldIndex>47</fieldIndex><fieldValue>Europe/Amsterdam</fieldValue><fieldType>character</fieldType></userDefinedField><userDefinedField><fieldLabel>SCCA_ACC</fieldLabel><fieldIndex>52</fieldIndex><fieldValue>N/A</fieldValue><fieldType>character</fieldType></userDefinedField><userDefinedField><fieldLabel>SCCA_LBL</fieldLabel><fieldIndex>53</fieldIndex><fieldValue>N/A</fieldValue><fieldType>character</fieldType></userDefinedField><userDefinedField><fieldLabel>SCCA_SWF</fieldLabel><fieldIndex>54</fieldIndex><fieldValue>N/A</fieldValue><fieldType>character</fieldType></userDefinedField><userDefinedField><fieldLabel>SCCC_ACC</fieldLabel><fieldIndex>55</fieldIndex><fieldValue>N/A</fieldValue><fieldType>character</fieldType></userDefinedField><userDefinedField><fieldLabel>SCCC_LBL</fieldLabel><fieldIndex>56</fieldIndex><fieldValue>N/A</fieldValue><fieldType>character</fieldType></userDefinedField><userDefinedField><fieldLabel>SCCC_SWF</fieldLabel><fieldIndex>57</fieldIndex><fieldValue>N/A</fieldValue><fieldType>character</fieldType></userDefinedField><userDefinedField><fieldLabel>SCOA_ACC</fieldLabel><fieldIndex>58</fieldIndex><fieldValue>N/A</fieldValue><fieldType>character</fieldType></userDefinedField><userDefinedField><fieldLabel>SCOA_LBL</fieldLabel><fieldIndex>59</fieldIndex><fieldValue>N/A</fieldValue><fieldType>character</fieldType></userDefinedField><userDefinedField><fieldLabel>SCOA_SWF</fieldLabel><fieldIndex>60</fieldIndex><fieldValue>N/A</fieldValue><fieldType>character</fieldType></userDefinedField><userDefinedField><fieldLabel>SCOC_ACC</fieldLabel><fieldIndex>61</fieldIndex><fieldValue>SCOC_ACC113222</fieldValue><fieldType>character</fieldType></userDefinedField><userDefinedField><fieldLabel>SCOC_LBL</fieldLabel><fieldIndex>62</fieldIndex><fieldValue>N/A</fieldValue><fieldType>character</fieldType></userDefinedField><userDefinedField><fieldLabel>SCOC_SWF</fieldLabel><fieldIndex>63</fieldIndex><fieldValue>N/A</fieldValue><fieldType>character</fieldType></userDefinedField><userDefinedField><fieldLabel>STL_WAY</fieldLabel><fieldIndex>67</fieldIndex><fieldValue>TARGET2</fieldValue><fieldType>character</fieldType></userDefinedField></nostroInstructions><vostroInstructions><userDefinedField><fieldLabel>BEN_ACC</fieldLabel><fieldIndex>6</fieldIndex><fieldValue>NL30RABO0126691118</fieldValue><fieldType>character</fieldType></userDefinedField><userDefinedField><fieldLabel>BEN_ADR</fieldLabel><fieldIndex>7</fieldIndex><fieldValue>Croeselaan 18</fieldValue><fieldType>character</fieldType></userDefinedField><userDefinedField><fieldLabel>BEN_CTY</fieldLabel><fieldIndex>8</fieldIndex><fieldValue>Utrecht NL3521 CB</fieldValue><fieldType>character</fieldType></userDefinedField><userDefinedField><fieldLabel>BEN_LBL</fieldLabel><fieldIndex>9</fieldIndex><fieldValue>CRUA-UT</fieldValue><fieldType>character</fieldType></userDefinedField><userDefinedField><fieldLabel>BEN_SWF</fieldLabel><fieldIndex>10</fieldIndex><fieldValue>BARONL2UXXX</fieldValue><fieldType>character</fieldType></userDefinedField><userDefinedField><fieldLabel>CALLBACK</fieldLabel><fieldIndex>11</fieldIndex><fieldValue>SSI needed to prevent the Exception MISSING SSI, even though the settlements wil be stopped when CRUA-UT trades with this party</fieldValue><fieldType>character</fieldType></userDefinedField><userDefinedField><fieldLabel>CHARG_TYPE</fieldLabel><fieldIndex>12</fieldIndex><fieldValue>SHA</fieldValue><fieldType>character</fieldType></userDefinedField><userDefinedField><fieldLabel>CORR_DR_DB</fieldLabel><fieldIndex>14</fieldIndex><fieldValue>N</fieldValue><fieldType>character</fieldType></userDefinedField><userDefinedField><fieldLabel>CSNOTREC</fieldLabel><fieldIndex>16</fieldIndex><fieldValue>Y</fieldValue><fieldType>character</fieldType></userDefinedField><userDefinedField><fieldLabel>DRCT_PARTI</fieldLabel><fieldIndex>21</fieldIndex><fieldValue>CRUA-UT</fieldValue><fieldType>character</fieldType></userDefinedField><userDefinedField><fieldLabel>DRCT_P_SWF</fieldLabel><fieldIndex>22</fieldIndex><fieldValue>BARONL2UXXX</fieldValue><fieldType>character</fieldType></userDefinedField><userDefinedField><fieldLabel>SCCA_ACC</fieldLabel><fieldIndex>52</fieldIndex><fieldValue>N/A</fieldValue><fieldType>character</fieldType></userDefinedField><userDefinedField><fieldLabel>SCCA_LBL</fieldLabel><fieldIndex>53</fieldIndex><fieldValue>N/A</fieldValue><fieldType>character</fieldType></userDefinedField><userDefinedField><fieldLabel>SCCA_SWF</fieldLabel><fieldIndex>54</fieldIndex><fieldValue>N/A</fieldValue><fieldType>character</fieldType></userDefinedField><userDefinedField><fieldLabel>SCCC_ACC</fieldLabel><fieldIndex>55</fieldIndex><fieldValue>N/A</fieldValue><fieldType>character</fieldType></userDefinedField><userDefinedField><fieldLabel>SCCC_LBL</fieldLabel><fieldIndex>56</fieldIndex><fieldValue>N/A</fieldValue><fieldType>character</fieldType></userDefinedField><userDefinedField><fieldLabel>SCCC_SWF</fieldLabel><fieldIndex>57</fieldIndex><fieldValue>N/A</fieldValue><fieldType>character</fieldType></userDefinedField><userDefinedField><fieldLabel>SCOA_ACC</fieldLabel><fieldIndex>58</fieldIndex><fieldValue>N/A</fieldValue><fieldType>character</fieldType></userDefinedField><userDefinedField><fieldLabel>SCOA_LBL</fieldLabel><fieldIndex>59</fieldIndex><fieldValue>N/A</fieldValue><fieldType>character</fieldType></userDefinedField><userDefinedField><fieldLabel>SCOA_SWF</fieldLabel><fieldIndex>60</fieldIndex><fieldValue>N/A</fieldValue><fieldType>character</fieldType></userDefinedField><userDefinedField><fieldLabel>SCOC_ACC</fieldLabel><fieldIndex>61</fieldIndex><fieldValue>SCOC_ACC1844</fieldValue><fieldType>character</fieldType></userDefinedField><userDefinedField><fieldLabel>SCOC_LBL</fieldLabel><fieldIndex>62</fieldIndex><fieldValue>N/A</fieldValue><fieldType>character</fieldType></userDefinedField><userDefinedField><fieldLabel>SCOC_SWF</fieldLabel><fieldIndex>63</fieldIndex><fieldValue>N/A</fieldValue><fieldType>character</fieldType></userDefinedField><userDefinedField><fieldLabel>STL_WAY</fieldLabel><fieldIndex>67</fieldIndex><fieldValue>TARGET2</fieldValue><fieldType>character</fieldType></userDefinedField></vostroInstructions></settlementInstruction><settlementInstruction><settlementInstructionKey><partyReference href="#_1163"/><flowSign>Debit</flowSign><flowCurrency>EUR</flowCurrency><flowNature>Capital</flowNature><settlementType>Cash</settlementType><flowTypologies><flowTypology><label>Typology0</label><value/></flowTypology><flowTypology><label>Typology1</label><value/></flowTypology><flowTypology><label>Typology2</label><value/></flowTypology><flowTypology><label>Typology3</label><value/></flowTypology><flowTypology><label>Typology4</label><value/></flowTypology></flowTypologies><physicalProductLabel/><locationLabel/><portfolio>UTLIQ_STLM</portfolio></settlementInstructionKey><settlementInstructionDescription><flowConversion>false</flowConversion><nostroReferenceId>113222</nostroReferenceId><specificNostro>false</specificNostro><customizedNostro>false</customizedNostro><nostroMatchingRulesCount>2</nostroMatchingRulesCount><vostroReferenceId>1844</vostroReferenceId><specificVostro>false</specificVostro><customizedVostro>false</customizedVostro><vostroMatchingRulesCount>2</vostroMatchingRulesCount><date>20201231</date></settlementInstructionDescription><nostroInstructions><userDefinedField><fieldLabel>CHARG_TYPE</fieldLabel><fieldIndex>12</fieldIndex><fieldValue>SHA</fieldValue><fieldType>character</fieldType></userDefinedField><userDefinedField><fieldLabel>CORR_DR_DB</fieldLabel><fieldIndex>14</fieldIndex><fieldValue>N</fieldValue><fieldType>character</fieldType></userDefinedField><userDefinedField><fieldLabel>COVR_MSG</fieldLabel><fieldIndex>15</fieldIndex><fieldValue>f</fieldValue><fieldType>character</fieldType></userDefinedField><userDefinedField><fieldLabel>CSNOTREC</fieldLabel><fieldIndex>16</fieldIndex><fieldValue>N</fieldValue><fieldType>character</fieldType></userDefinedField><userDefinedField><fieldLabel>CSNS_ACC</fieldLabel><fieldIndex>17</fieldIndex><fieldValue>NL30RABO0126691118</fieldValue><fieldType>character</fieldType></userDefinedField><userDefinedField><fieldLabel>CSNS_LBL</fieldLabel><fieldIndex>18</fieldIndex><fieldValue>CRUA-UT</fieldValue><fieldType>character</fieldType></userDefinedField><userDefinedField><fieldLabel>CSNS_SWF</fieldLabel><fieldIndex>19</fieldIndex><fieldValue>BARONL2UXXX</fieldValue><fieldType>character</fieldType></userDefinedField><userDefinedField><fieldLabel>CUT_OFF</fieldLabel><fieldIndex>20</fieldIndex><fieldValue>17:00</fieldValue><fieldType>character</fieldType></userDefinedField><userDefinedField><fieldLabel>REL_TIME</fieldLabel><fieldIndex>46</fieldIndex><fieldValue>10:00</fieldValue><fieldType>character</fieldType></userDefinedField><userDefinedField><fieldLabel>REL_TZ</fieldLabel><fieldIndex>47</fieldIndex><fieldValue>Europe/Amsterdam</fieldValue><fieldType>character</fieldType></userDefinedField><userDefinedField><fieldLabel>SCCA_ACC</fieldLabel><fieldIndex>52</fieldIndex><fieldValue>N/A</fieldValue><fieldType>character</fieldType></userDefinedField><userDefinedField><fieldLabel>SCCA_LBL</fieldLabel><fieldIndex>53</fieldIndex><fieldValue>N/A</fieldValue><fieldType>character</fieldType></userDefinedField><userDefinedField><fieldLabel>SCCA_SWF</fieldLabel><fieldIndex>54</fieldIndex><fieldValue>N/A</fieldValue><fieldType>character</fieldType></userDefinedField><userDefinedField><fieldLabel>SCCC_ACC</fieldLabel><fieldIndex>55</fieldIndex><fieldValue>N/A</fieldValue><fieldType>character</fieldType></userDefinedField><userDefinedField><fieldLabel>SCCC_LBL</fieldLabel><fieldIndex>56</fieldIndex><fieldValue>N/A</fieldValue><fieldType>character</fieldType></userDefinedField><userDefinedField><fieldLabel>SCCC_SWF</fieldLabel><fieldIndex>57</fieldIndex><fieldValue>N/A</fieldValue><fieldType>character</fieldType></userDefinedField><userDefinedField><fieldLabel>SCOA_ACC</fieldLabel><fieldIndex>58</fieldIndex><fieldValue>N/A</fieldValue><fieldType>character</fieldType></userDefinedField><userDefinedField><fieldLabel>SCOA_LBL</fieldLabel><fieldIndex>59</fieldIndex><fieldValue>N/A</fieldValue><fieldType>character</fieldType></userDefinedField><userDefinedField><fieldLabel>SCOA_SWF</fieldLabel><fieldIndex>60</fieldIndex><fieldValue>N/A</fieldValue><fieldType>character</fieldType></userDefinedField><userDefinedField><fieldLabel>SCOC_ACC</fieldLabel><fieldIndex>61</fieldIndex><fieldValue>SCOC_ACC113222</fieldValue><fieldType>character</fieldType></userDefinedField><userDefinedField><fieldLabel>SCOC_LBL</fieldLabel><fieldIndex>62</fieldIndex><fieldValue>N/A</fieldValue><fieldType>character</fieldType></userDefinedField><userDefinedField><fieldLabel>SCOC_SWF</fieldLabel><fieldIndex>63</fieldIndex><fieldValue>N/A</fieldValue><fieldType>character</fieldType></userDefinedField><userDefinedField><fieldLabel>STL_WAY</fieldLabel><fieldIndex>67</fieldIndex><fieldValue>TARGET2</fieldValue><fieldType>character</fieldType></userDefinedField></nostroInstructions><vostroInstructions><userDefinedField><fieldLabel>BEN_ACC</fieldLabel><fieldIndex>6</fieldIndex><fieldValue>NL30RABO0126691118</fieldValue><fieldType>character</fieldType></userDefinedField><userDefinedField><fieldLabel>BEN_ADR</fieldLabel><fieldIndex>7</fieldIndex><fieldValue>Croeselaan 18</fieldValue><fieldType>character</fieldType></userDefinedField><userDefinedField><fieldLabel>BEN_CTY</fieldLabel><fieldIndex>8</fieldIndex><fieldValue>Utrecht NL3521 CB</fieldValue><fieldType>character</fieldType></userDefinedField><userDefinedField><fieldLabel>BEN_LBL</fieldLabel><fieldIndex>9</fieldIndex><fieldValue>CRUA-UT</fieldValue><fieldType>character</fieldType></userDefinedField><userDefinedField><fieldLabel>BEN_SWF</fieldLabel><fieldIndex>10</fieldIndex><fieldValue>BARONL2UXXX</fieldValue><fieldType>character</fieldType></userDefinedField><userDefinedField><fieldLabel>CALLBACK</fieldLabel><fieldIndex>11</fieldIndex><fieldValue>SSI needed to prevent the Exception MISSING SSI, even though the settlements wil be stopped when CRUA-UT trades with this party</fieldValue><fieldType>character</fieldType></userDefinedField><userDefinedField><fieldLabel>CHARG_TYPE</fieldLabel><fieldIndex>12</fieldIndex><fieldValue>SHA</fieldValue><fieldType>character</fieldType></userDefinedField><userDefinedField><fieldLabel>CORR_DR_DB</fieldLabel><fieldIndex>14</fieldIndex><fieldValue>N</fieldValue><fieldType>character</fieldType></userDefinedField><userDefinedField><fieldLabel>CSNOTREC</fieldLabel><fieldIndex>16</fieldIndex><fieldValue>Y</fieldValue><fieldType>character</fieldType></userDefinedField><userDefinedField><fieldLabel>DRCT_PARTI</fieldLabel><fieldIndex>21</fieldIndex><fieldValue>CRUA-UT</fieldValue><fieldType>character</fieldType></userDefinedField><userDefinedField><fieldLabel>DRCT_P_SWF</fieldLabel><fieldIndex>22</fieldIndex><fieldValue>BARONL2UXXX</fieldValue><fieldType>character</fieldType></userDefinedField><userDefinedField><fieldLabel>SCCA_ACC</fieldLabel><fieldIndex>52</fieldIndex><fieldValue>N/A</fieldValue><fieldType>character</fieldType></userDefinedField><userDefinedField><fieldLabel>SCCA_LBL</fieldLabel><fieldIndex>53</fieldIndex><fieldValue>N/A</fieldValue><fieldType>character</fieldType></userDefinedField><userDefinedField><fieldLabel>SCCA_SWF</fieldLabel><fieldIndex>54</fieldIndex><fieldValue>N/A</fieldValue><fieldType>character</fieldType></userDefinedField><userDefinedField><fieldLabel>SCCC_ACC</fieldLabel><fieldIndex>55</fieldIndex><fieldValue>N/A</fieldValue><fieldType>character</fieldType></userDefinedField><userDefinedField><fieldLabel>SCCC_LBL</fieldLabel><fieldIndex>56</fieldIndex><fieldValue>N/A</fieldValue><fieldType>character</fieldType></userDefinedField><userDefinedField><fieldLabel>SCCC_SWF</fieldLabel><fieldIndex>57</fieldIndex><fieldValue>N/A</fieldValue><fieldType>character</fieldType></userDefinedField><userDefinedField><fieldLabel>SCOA_ACC</fieldLabel><fieldIndex>58</fieldIndex><fieldValue>N/A</fieldValue><fieldType>character</fieldType></userDefinedField><userDefinedField><fieldLabel>SCOA_LBL</fieldLabel><fieldIndex>59</fieldIndex><fieldValue>N/A</fieldValue><fieldType>character</fieldType></userDefinedField><userDefinedField><fieldLabel>SCOA_SWF</fieldLabel><fieldIndex>60</fieldIndex><fieldValue>N/A</fieldValue><fieldType>character</fieldType></userDefinedField><userDefinedField><fieldLabel>SCOC_ACC</fieldLabel><fieldIndex>61</fieldIndex><fieldValue>SCOC_ACC1844</fieldValue><fieldType>character</fieldType></userDefinedField><userDefinedField><fieldLabel>SCOC_LBL</fieldLabel><fieldIndex>62</fieldIndex><fieldValue>N/A</fieldValue><fieldType>character</fieldType></userDefinedField><userDefinedField><fieldLabel>SCOC_SWF</fieldLabel><fieldIndex>63</fieldIndex><fieldValue>N/A</fieldValue><fieldType>character</fieldType></userDefinedField><userDefinedField><fieldLabel>STL_WAY</fieldLabel><fieldIndex>67</fieldIndex><fieldValue>TARGET2</fieldValue><fieldType>character</fieldType></userDefinedField></vostroInstructions></settlementInstruction><settlementInstruction><settlementInstructionKey><partyReference href="#_1163"/><flowSign>Credit</flowSign><flowCurrency>EUR</flowCurrency><flowNature>Revenue</flowNature><settlementType>Cash</settlementType><flowTypologies><flowTypology><label>Typology0</label><value/></flowTypology><flowTypology><label>Typology1</label><value/></flowTypology><flowTypology><label>Typology2</label><value/></flowTypology><flowTypology><label>Typology3</label><value/></flowTypology><flowTypology><label>Typology4</label><value/></flowTypology></flowTypologies><physicalProductLabel/><locationLabel/><portfolio>UTLIQ_STLM</portfolio></settlementInstructionKey><settlementInstructionDescription><flowConversion>false</flowConversion><nostroReferenceId>113222</nostroReferenceId><specificNostro>false</specificNostro><customizedNostro>false</customizedNostro><nostroMatchingRulesCount>2</nostroMatchingRulesCount><vostroReferenceId>1844</vostroReferenceId><specificVostro>false</specificVostro><customizedVostro>false</customizedVostro><vostroMatchingRulesCount>2</vostroMatchingRulesCount><date>20210210</date></settlementInstructionDescription><nostroInstructions><userDefinedField><fieldLabel>CHARG_TYPE</fieldLabel><fieldIndex>12</fieldIndex><fieldValue>SHA</fieldValue><fieldType>character</fieldType></userDefinedField><userDefinedField><fieldLabel>CORR_DR_DB</fieldLabel><fieldIndex>14</fieldIndex><fieldValue>N</fieldValue><fieldType>character</fieldType></userDefinedField><userDefinedField><fieldLabel>COVR_MSG</fieldLabel><fieldIndex>15</fieldIndex><fieldValue>f</fieldValue><fieldType>character</fieldType></userDefinedField><userDefinedField><fieldLabel>CSNOTREC</fieldLabel><fieldIndex>16</fieldIndex><fieldValue>N</fieldValue><fieldType>character</fieldType></userDefinedField><userDefinedField><fieldLabel>CSNS_ACC</fieldLabel><fieldIndex>17</fieldIndex><fieldValue>NL30RABO0126691118</fieldValue><fieldType>character</fieldType></userDefinedField><userDefinedField><fieldLabel>CSNS_LBL</fieldLabel><fieldIndex>18</fieldIndex><fieldValue>CRUA-UT</fieldValue><fieldType>character</fieldType></userDefinedField><userDefinedField><fieldLabel>CSNS_SWF</fieldLabel><fieldIndex>19</fieldIndex><fieldValue>BARONL2UXXX</fieldValue><fieldType>character</fieldType></userDefinedField><userDefinedField><fieldLabel>CUT_OFF</fieldLabel><fieldIndex>20</fieldIndex><fieldValue>17:00</fieldValue><fieldType>character</fieldType></userDefinedField><userDefinedField><fieldLabel>REL_TIME</fieldLabel><fieldIndex>46</fieldIndex><fieldValue>10:00</fieldValue><fieldType>character</fieldType></userDefinedField><userDefinedField><fieldLabel>REL_TZ</fieldLabel><fieldIndex>47</fieldIndex><fieldValue>Europe/Amsterdam</fieldValue><fieldType>character</fieldType></userDefinedField><userDefinedField><fieldLabel>SCCA_ACC</fieldLabel><fieldIndex>52</fieldIndex><fieldValue>N/A</fieldValue><fieldType>character</fieldType></userDefinedField><userDefinedField><fieldLabel>SCCA_LBL</fieldLabel><fieldIndex>53</fieldIndex><fieldValue>N/A</fieldValue><fieldType>character</fieldType></userDefinedField><userDefinedField><fieldLabel>SCCA_SWF</fieldLabel><fieldIndex>54</fieldIndex><fieldValue>N/A</fieldValue><fieldType>character</fieldType></userDefinedField><userDefinedField><fieldLabel>SCCC_ACC</fieldLabel><fieldIndex>55</fieldIndex><fieldValue>N/A</fieldValue><fieldType>character</fieldType></userDefinedField><userDefinedField><fieldLabel>SCCC_LBL</fieldLabel><fieldIndex>56</fieldIndex><fieldValue>N/A</fieldValue><fieldType>character</fieldType></userDefinedField><userDefinedField><fieldLabel>SCCC_SWF</fieldLabel><fieldIndex>57</fieldIndex><fieldValue>N/A</fieldValue><fieldType>character</fieldType></userDefinedField><userDefinedField><fieldLabel>SCOA_ACC</fieldLabel><fieldIndex>58</fieldIndex><fieldValue>N/A</fieldValue><fieldType>character</fieldType></userDefinedField><userDefinedField><fieldLabel>SCOA_LBL</fieldLabel><fieldIndex>59</fieldIndex><fieldValue>N/A</fieldValue><fieldType>character</fieldType></userDefinedField><userDefinedField><fieldLabel>SCOA_SWF</fieldLabel><fieldIndex>60</fieldIndex><fieldValue>N/A</fieldValue><fieldType>character</fieldType></userDefinedField><userDefinedField><fieldLabel>SCOC_ACC</fieldLabel><fieldIndex>61</fieldIndex><fieldValue>SCOC_ACC113222</fieldValue><fieldType>character</fieldType></userDefinedField><userDefinedField><fieldLabel>SCOC_LBL</fieldLabel><fieldIndex>62</fieldIndex><fieldValue>N/A</fieldValue><fieldType>character</fieldType></userDefinedField><userDefinedField><fieldLabel>SCOC_SWF</fieldLabel><fieldIndex>63</fieldIndex><fieldValue>N/A</fieldValue><fieldType>character</fieldType></userDefinedField><userDefinedField><fieldLabel>STL_WAY</fieldLabel><fieldIndex>67</fieldIndex><fieldValue>TARGET2</fieldValue><fieldType>character</fieldType></userDefinedField></nostroInstructions><vostroInstructions><userDefinedField><fieldLabel>BEN_ACC</fieldLabel><fieldIndex>6</fieldIndex><fieldValue>NL30RABO0126691118</fieldValue><fieldType>character</fieldType></userDefinedField><userDefinedField><fieldLabel>BEN_ADR</fieldLabel><fieldIndex>7</fieldIndex><fieldValue>Croeselaan 18</fieldValue><fieldType>character</fieldType></userDefinedField><userDefinedField><fieldLabel>BEN_CTY</fieldLabel><fieldIndex>8</fieldIndex><fieldValue>Utrecht NL3521 CB</fieldValue><fieldType>character</fieldType></userDefinedField><userDefinedField><fieldLabel>BEN_LBL</fieldLabel><fieldIndex>9</fieldIndex><fieldValue>CRUA-UT</fieldValue><fieldType>character</fieldType></userDefinedField><userDefinedField><fieldLabel>BEN_SWF</fieldLabel><fieldIndex>10</fieldIndex><fieldValue>BARONL2UXXX</fieldValue><fieldType>character</fieldType></userDefinedField><userDefinedField><fieldLabel>CALLBACK</fieldLabel><fieldIndex>11</fieldIndex><fieldValue>SSI needed to prevent the Exception MISSING SSI, even though the settlements wil be stopped when CRUA-UT trades with this party</fieldValue><fieldType>character</fieldType></userDefinedField><userDefinedField><fieldLabel>CHARG_TYPE</fieldLabel><fieldIndex>12</fieldIndex><fieldValue>SHA</fieldValue><fieldType>character</fieldType></userDefinedField><userDefinedField><fieldLabel>CORR_DR_DB</fieldLabel><fieldIndex>14</fieldIndex><fieldValue>N</fieldValue><fieldType>character</fieldType></userDefinedField><userDefinedField><fieldLabel>CSNOTREC</fieldLabel><fieldIndex>16</fieldIndex><fieldValue>Y</fieldValue><fieldType>character</fieldType></userDefinedField><userDefinedField><fieldLabel>DRCT_PARTI</fieldLabel><fieldIndex>21</fieldIndex><fieldValue>CRUA-UT</fieldValue><fieldType>character</fieldType></userDefinedField><userDefinedField><fieldLabel>DRCT_P_SWF</fieldLabel><fieldIndex>22</fieldIndex><fieldValue>BARONL2UXXX</fieldValue><fieldType>character</fieldType></userDefinedField><userDefinedField><fieldLabel>SCCA_ACC</fieldLabel><fieldIndex>52</fieldIndex><fieldValue>N/A</fieldValue><fieldType>character</fieldType></userDefinedField><userDefinedField><fieldLabel>SCCA_LBL</fieldLabel><fieldIndex>53</fieldIndex><fieldValue>N/A</fieldValue><fieldType>character</fieldType></userDefinedField><userDefinedField><fieldLabel>SCCA_SWF</fieldLabel><fieldIndex>54</fieldIndex><fieldValue>N/A</fieldValue><fieldType>character</fieldType></userDefinedField><userDefinedField><fieldLabel>SCCC_ACC</fieldLabel><fieldIndex>55</fieldIndex><fieldValue>N/A</fieldValue><fieldType>character</fieldType></userDefinedField><userDefinedField><fieldLabel>SCCC_LBL</fieldLabel><fieldIndex>56</fieldIndex><fieldValue>N/A</fieldValue><fieldType>character</fieldType></userDefinedField><userDefinedField><fieldLabel>SCCC_SWF</fieldLabel><fieldIndex>57</fieldIndex><fieldValue>N/A</fieldValue><fieldType>character</fieldType></userDefinedField><userDefinedField><fieldLabel>SCOA_ACC</fieldLabel><fieldIndex>58</fieldIndex><fieldValue>N/A</fieldValue><fieldType>character</fieldType></userDefinedField><userDefinedField><fieldLabel>SCOA_LBL</fieldLabel><fieldIndex>59</fieldIndex><fieldValue>N/A</fieldValue><fieldType>character</fieldType></userDefinedField><userDefinedField><fieldLabel>SCOA_SWF</fieldLabel><fieldIndex>60</fieldIndex><fieldValue>N/A</fieldValue><fieldType>character</fieldType></userDefinedField><userDefinedField><fieldLabel>SCOC_ACC</fieldLabel><fieldIndex>61</fieldIndex><fieldValue>SCOC_ACC1844</fieldValue><fieldType>character</fieldType></userDefinedField><userDefinedField><fieldLabel>SCOC_LBL</fieldLabel><fieldIndex>62</fieldIndex><fieldValue>N/A</fieldValue><fieldType>character</fieldType></userDefinedField><userDefinedField><fieldLabel>SCOC_SWF</fieldLabel><fieldIndex>63</fieldIndex><fieldValue>N/A</fieldValue><fieldType>character</fieldType></userDefinedField><userDefinedField><fieldLabel>STL_WAY</fieldLabel><fieldIndex>67</fieldIndex><fieldValue>TARGET2</fieldValue><fieldType>character</fieldType></userDefinedField></vostroInstructions></settlementInstruction><settlementInstruction><settlementInstructionKey><partyReference href="#_1163"/><flowSign>Debit</flowSign><flowCurrency>EUR</flowCurrency><flowNature>Revenue</flowNature><settlementType>Cash</settlementType><flowTypologies><flowTypology><label>Typology0</label><value/></flowTypology><flowTypology><label>Typology1</label><value/></flowTypology><flowTypology><label>Typology2</label><value/></flowTypology><flowTypology><label>Typology3</label><value/></flowTypology><flowTypology><label>Typology4</label><value/></flowTypology></flowTypologies><physicalProductLabel/><locationLabel/><portfolio>UTLIQ_STLM</portfolio></settlementInstructionKey><settlementInstructionDescription><flowConversion>false</flowConversion><nostroReferenceId>113222</nostroReferenceId><specificNostro>false</specificNostro><customizedNostro>false</customizedNostro><nostroMatchingRulesCount>2</nostroMatchingRulesCount><vostroReferenceId>1844</vostroReferenceId><specificVostro>false</specificVostro><customizedVostro>false</customizedVostro><vostroMatchingRulesCount>2</vostroMatchingRulesCount><date>20210210</date></settlementInstructionDescription><nostroInstructions><userDefinedField><fieldLabel>CHARG_TYPE</fieldLabel><fieldIndex>12</fieldIndex><fieldValue>SHA</fieldValue><fieldType>character</fieldType></userDefinedField><userDefinedField><fieldLabel>CORR_DR_DB</fieldLabel><fieldIndex>14</fieldIndex><fieldValue>N</fieldValue><fieldType>character</fieldType></userDefinedField><userDefinedField><fieldLabel>COVR_MSG</fieldLabel><fieldIndex>15</fieldIndex><fieldValue>f</fieldValue><fieldType>character</fieldType></userDefinedField><userDefinedField><fieldLabel>CSNOTREC</fieldLabel><fieldIndex>16</fieldIndex><fieldValue>N</fieldValue><fieldType>character</fieldType></userDefinedField><userDefinedField><fieldLabel>CSNS_ACC</fieldLabel><fieldIndex>17</fieldIndex><fieldValue>NL30RABO0126691118</fieldValue><fieldType>character</fieldType></userDefinedField><userDefinedField><fieldLabel>CSNS_LBL</fieldLabel><fieldIndex>18</fieldIndex><fieldValue>CRUA-UT</fieldValue><fieldType>character</fieldType></userDefinedField><userDefinedField><fieldLabel>CSNS_SWF</fieldLabel><fieldIndex>19</fieldIndex><fieldValue>BARONL2UXXX</fieldValue><fieldType>character</fieldType></userDefinedField><userDefinedField><fieldLabel>CUT_OFF</fieldLabel><fieldIndex>20</fieldIndex><fieldValue>17:00</fieldValue><fieldType>character</fieldType></userDefinedField><userDefinedField><fieldLabel>REL_TIME</fieldLabel><fieldIndex>46</fieldIndex><fieldValue>10:00</fieldValue><fieldType>character</fieldType></userDefinedField><userDefinedField><fieldLabel>REL_TZ</fieldLabel><fieldIndex>47</fieldIndex><fieldValue>Europe/Amsterdam</fieldValue><fieldType>character</fieldType></userDefinedField><userDefinedField><fieldLabel>SCCA_ACC</fieldLabel><fieldIndex>52</fieldIndex><fieldValue>N/A</fieldValue><fieldType>character</fieldType></userDefinedField><userDefinedField><fieldLabel>SCCA_LBL</fieldLabel><fieldIndex>53</fieldIndex><fieldValue>N/A</fieldValue><fieldType>character</fieldType></userDefinedField><userDefinedField><fieldLabel>SCCA_SWF</fieldLabel><fieldIndex>54</fieldIndex><fieldValue>N/A</fieldValue><fieldType>character</fieldType></userDefinedField><userDefinedField><fieldLabel>SCCC_ACC</fieldLabel><fieldIndex>55</fieldIndex><fieldValue>N/A</fieldValue><fieldType>character</fieldType></userDefinedField><userDefinedField><fieldLabel>SCCC_LBL</fieldLabel><fieldIndex>56</fieldIndex><fieldValue>N/A</fieldValue><fieldType>character</fieldType></userDefinedField><userDefinedField><fieldLabel>SCCC_SWF</fieldLabel><fieldIndex>57</fieldIndex><fieldValue>N/A</fieldValue><fieldType>character</fieldType></userDefinedField><userDefinedField><fieldLabel>SCOA_ACC</fieldLabel><fieldIndex>58</fieldIndex><fieldValue>N/A</fieldValue><fieldType>character</fieldType></userDefinedField><userDefinedField><fieldLabel>SCOA_LBL</fieldLabel><fieldIndex>59</fieldIndex><fieldValue>N/A</fieldValue><fieldType>character</fieldType></userDefinedField><userDefinedField><fieldLabel>SCOA_SWF</fieldLabel><fieldIndex>60</fieldIndex><fieldValue>N/A</fieldValue><fieldType>character</fieldType></userDefinedField><userDefinedField><fieldLabel>SCOC_ACC</fieldLabel><fieldIndex>61</fieldIndex><fieldValue>SCOC_ACC113222</fieldValue><fieldType>character</fieldType></userDefinedField><userDefinedField><fieldLabel>SCOC_LBL</fieldLabel><fieldIndex>62</fieldIndex><fieldValue>N/A</fieldValue><fieldType>character</fieldType></userDefinedField><userDefinedField><fieldLabel>SCOC_SWF</fieldLabel><fieldIndex>63</fieldIndex><fieldValue>N/A</fieldValue><fieldType>character</fieldType></userDefinedField><userDefinedField><fieldLabel>STL_WAY</fieldLabel><fieldIndex>67</fieldIndex><fieldValue>TARGET2</fieldValue><fieldType>character</fieldType></userDefinedField></nostroInstructions><vostroInstructions><userDefinedField><fieldLabel>BEN_ACC</fieldLabel><fieldIndex>6</fieldIndex><fieldValue>NL30RABO0126691118</fieldValue><fieldType>character</fieldType></userDefinedField><userDefinedField><fieldLabel>BEN_ADR</fieldLabel><fieldIndex>7</fieldIndex><fieldValue>Croeselaan 18</fieldValue><fieldType>character</fieldType></userDefinedField><userDefinedField><fieldLabel>BEN_CTY</fieldLabel><fieldIndex>8</fieldIndex><fieldValue>Utrecht NL3521 CB</fieldValue><fieldType>character</fieldType></userDefinedField><userDefinedField><fieldLabel>BEN_LBL</fieldLabel><fieldIndex>9</fieldIndex><fieldValue>CRUA-UT</fieldValue><fieldType>character</fieldType></userDefinedField><userDefinedField><fieldLabel>BEN_SWF</fieldLabel><fieldIndex>10</fieldIndex><fieldValue>BARONL2UXXX</fieldValue><fieldType>character</fieldType></userDefinedField><userDefinedField><fieldLabel>CALLBACK</fieldLabel><fieldIndex>11</fieldIndex><fieldValue>SSI needed to prevent the Exception MISSING SSI, even though the settlements wil be stopped when CRUA-UT trades with this party</fieldValue><fieldType>character</fieldType></userDefinedField><userDefinedField><fieldLabel>CHARG_TYPE</fieldLabel><fieldIndex>12</fieldIndex><fieldValue>SHA</fieldValue><fieldType>character</fieldType></userDefinedField><userDefinedField><fieldLabel>CORR_DR_DB</fieldLabel><fieldIndex>14</fieldIndex><fieldValue>N</fieldValue><fieldType>character</fieldType></userDefinedField><userDefinedField><fieldLabel>CSNOTREC</fieldLabel><fieldIndex>16</fieldIndex><fieldValue>Y</fieldValue><fieldType>character</fieldType></userDefinedField><userDefinedField><fieldLabel>DRCT_PARTI</fieldLabel><fieldIndex>21</fieldIndex><fieldValue>CRUA-UT</fieldValue><fieldType>character</fieldType></userDefinedField><userDefinedField><fieldLabel>DRCT_P_SWF</fieldLabel><fieldIndex>22</fieldIndex><fieldValue>BARONL2UXXX</fieldValue><fieldType>character</fieldType></userDefinedField><userDefinedField><fieldLabel>SCCA_ACC</fieldLabel><fieldIndex>52</fieldIndex><fieldValue>N/A</fieldValue><fieldType>character</fieldType></userDefinedField><userDefinedField><fieldLabel>SCCA_LBL</fieldLabel><fieldIndex>53</fieldIndex><fieldValue>N/A</fieldValue><fieldType>character</fieldType></userDefinedField><userDefinedField><fieldLabel>SCCA_SWF</fieldLabel><fieldIndex>54</fieldIndex><fieldValue>N/A</fieldValue><fieldType>character</fieldType></userDefinedField><userDefinedField><fieldLabel>SCCC_ACC</fieldLabel><fieldIndex>55</fieldIndex><fieldValue>N/A</fieldValue><fieldType>character</fieldType></userDefinedField><userDefinedField><fieldLabel>SCCC_LBL</fieldLabel><fieldIndex>56</fieldIndex><fieldValue>N/A</fieldValue><fieldType>character</fieldType></userDefinedField><userDefinedField><fieldLabel>SCCC_SWF</fieldLabel><fieldIndex>57</fieldIndex><fieldValue>N/A</fieldValue><fieldType>character</fieldType></userDefinedField><userDefinedField><fieldLabel>SCOA_ACC</fieldLabel><fieldIndex>58</fieldIndex><fieldValue>N/A</fieldValue><fieldType>character</fieldType></userDefinedField><userDefinedField><fieldLabel>SCOA_LBL</fieldLabel><fieldIndex>59</fieldIndex><fieldValue>N/A</fieldValue><fieldType>character</fieldType></userDefinedField><userDefinedField><fieldLabel>SCOA_SWF</fieldLabel><fieldIndex>60</fieldIndex><fieldValue>N/A</fieldValue><fieldType>character</fieldType></userDefinedField><userDefinedField><fieldLabel>SCOC_ACC</fieldLabel><fieldIndex>61</fieldIndex><fieldValue>SCOC_ACC1844</fieldValue><fieldType>character</fieldType></userDefinedField><userDefinedField><fieldLabel>SCOC_LBL</fieldLabel><fieldIndex>62</fieldIndex><fieldValue>N/A</fieldValue><fieldType>character</fieldType></userDefinedField><userDefinedField><fieldLabel>SCOC_SWF</fieldLabel><fieldIndex>63</fieldIndex><fieldValue>N/A</fieldValue><fieldType>character</fieldType></userDefinedField><userDefinedField><fieldLabel>STL_WAY</fieldLabel><fieldIndex>67</fieldIndex><fieldValue>TARGET2</fieldValue><fieldType>character</fieldType></userDefinedField></vostroInstructions></settlementInstruction></settlementInstructions><confirmationInstructions><confirmationInstruction><status>Default</status><label>CI_CTP_16</label><ruleReference>16</ruleReference><validity>true</validity><partyType>common</partyType><partyName>CRUA-UT</partyName><recipientName>CRUA-UT</recipientName><filterLabel>isPartySwift</filterLabel><documentTypeLabel>SWIFT</documentTypeLabel><language/><customInformation/><notification>no</notification><address><country>NL</country><city>Utrecht</city><postCode>POSTCODE</postCode><streetAddress><streetAddressElement index="0">ADDRESS0</streetAddressElement><streetAddressElement index="1">ADDRESS1</streetAddressElement><streetAddressElement index="2">ADDRESS2</streetAddressElement><streetAddressElement index="3">ADDRESS3</streetAddressElement></streetAddress><telephone>TEL</telephone><fax>FAX</fax><email>EMAIL</email><telex>TLX</telex><swift>BARONL2UXXX</swift><contacts/><comments/></address><negativeAffirmation>no</negativeAffirmation><chasing>no</chasing><confirmationCustomizations/></confirmationInstruction></confirmationInstructions><tradeInputConditions><inputBy><userName>ROTSTEEGEO</userName><code>S-1-5-21-682003330-606747145-725345543-86907</code></inputBy><systemDate>20201230</systemDate><computerDate>20201230</computerDate><validityDate>20201230</validityDate><computerTime>02:54:46</computerTime><areaCode>0</areaCode><lateTrading>earlyTrading</lateTrading><timestamp>20201230 01:54:50:653</timestamp><modified>false</modified><initialData/><executionTimestamp>2020-12-30T01:54:50.653</executionTimestamp></tradeInputConditions><tradeStatus><physicalStatus>live</physicalStatus></tradeStatus><tradeVersions><tradeVersion><businessObjectId><identifier>7881671</identifier><baseIdentifier>7881671</baseIdentifier><versionIdentifier><versionRevision><versionNumber>1</versionNumber><versionDateAndTime><date>00000000</date></versionDateAndTime></versionRevision></versionIdentifier><primarySystem>MX</primarySystem></businessObjectId><contractEventReference mefClass=""><contractEventId><internalId>0</internalId></contractEventId></contractEventReference><eventVersion>0</eventVersion><contractEventOriginReference mefClass=""><contractEventId><internalId>0</internalId><businessObjectId><versionIdentifier><versionRevision><versionNumber>1</versionNumber><versionDateAndTime><date>00000000</date></versionDateAndTime></versionRevision></versionIdentifier><primarySystem>MX</primarySystem></businessObjectId></contractEventId></contractEventOriginReference><action>INSERT</action><date>20201230</date><validityDate>20201230</validityDate><timestamp>2020/12/30 01:54:50.653</timestamp><lateTrading>N</lateTrading><tradePurpose>MfBJy44236</tradePurpose><tradePurposeDisplayedLabel>Contract</tradePurposeDisplayedLabel><tradePurposeId>0</tradePurposeId><stpStatuses><stpStatus><stpStatusKey>STP_STATUS_VALIDATION_LEVEL</stpStatusKey><stpStatusValue/></stpStatus><stpStatus><stpStatusKey>STP_STATUS</stpStatusKey><stpStatusValue/></stpStatus><stpStatus><stpStatusKey>STP_STATUS1</stpStatusKey><stpStatusValue/></stpStatus><stpStatus><stpStatusKey>STP_STATUS2</stpStatusKey><stpStatusValue/></stpStatus><stpStatus><stpStatusKey>STP_STATUS3</stpStatusKey><stpStatusValue/></stpStatus><stpStatus><stpStatusKey>STP_STATUS4</stpStatusKey><stpStatusValue/></stpStatus></stpStatuses><isActive>true</isActive></tradeVersion></tradeVersions></trade></trades></MxML>