<?xml version="1.0" encoding="UTF-8"?><MxML version="1-1"><documentProperties><producedBy><partyName>RABOBANK</partyName><user><name>MUREXFO</name><group>FO</group><desk>FOD EUROPE</desk><code/></user></producedBy><systemDate>20210106</systemDate><accountingDate>00000000</accountingDate><computerDate>20210222</computerDate><computerTime>14:29:36</computerTime></documentProperties><contracts><contract mefClass="mxContractISINGLE" mefClassInstanceType="90.000000" mefClassInstanceLabel="Simple cash flow" id="contract_7329971"><businessObjectId mefClass="mxContractISINGLE" mefClassInstanceType="90"><identifier>7329971</identifier><baseIdentifier>7329971</baseIdentifier><versionIdentifier><versionRevision><versionNumber>2</versionNumber><versionDateAndTime><date>00000000</date></versionDateAndTime></versionRevision></versionIdentifier><primarySystem>MX</primarySystem></businessObjectId><contractId><internalId>7329971</internalId><rootContract>7329971</rootContract></contractId><regulatoryInformation><regulatoryIdentifiers><partyTradeIdentifier><issuer/><tradeId/></partyTradeIdentifier><centralCounterpartyId/></regulatoryIdentifiers><clearingEligibility>false</clearingEligibility><clearingMandatory>false</clearingMandatory><clearingDecision>false</clearingDecision><nettingEligibility customized="false">false</nettingEligibility></regulatoryInformation><contractBusinessObjectTemplate><businessObjectId><identifier>747</identifier><displayLabel>SCF</displayLabel></businessObjectId></contractBusinessObjectTemplate><contractHeader><collateralAgreement><excludeFromPool>false</excludeFromPool></collateralAgreement><contractCategory><typology>IPIS_IN</typology><mainTypologyPath>/Typologies/ALL/IPIS_IN</mainTypologyPath><usage/><onshoreOffshore>NONE</onshoreOffshore><collateralAgreementCategory>UNCOLLATERALISED</collateralAgreementCategory><pricingCounterparty href="#_1484"/></contractCategory><contractAgreements><settlementMethod/></contractAgreements><contractSource><sourceSystem>Theoretical</sourceSystem><sourceModule>cls</sourceModule><originPublishingSystem>MX</originPublishingSystem><publishingSystem>MX</publishingSystem><packageReference mefClass="mxContractStbIFREE_PACKAGE"><businessObjectId mefClass="mxContractStbIFREE_PACKAGE" mefClassInstanceType="0"><identifier>7329965</identifier><primarySystem>MX</primarySystem></businessObjectId><packageId><internalId>7329965</internalId><creatorId>0</creatorId></packageId></packageReference><contractEventReference mefClass=""><contractEventId><internalId>0</internalId></contractEventId></contractEventReference><contractCreatorReference mefClass=""/><contractOriginReference mefClass="mxContractISINGLE"><businessObjectId mefClass="mxContractISINGLE" mefClassInstanceType="90"><identifier>7329971</identifier><primarySystem>MX</primarySystem></businessObjectId><contractId><internalId>7329971</internalId><rootContract>7329971</rootContract></contractId></contractOriginReference><version>2</version><lastContractEventReference mefClass="mxContractEventICANCEL"><contractEventId><internalId>27826482</internalId><businessObjectId><identifier>27826482</identifier><baseIdentifier>27826482</baseIdentifier><versionIdentifier><versionRevision><versionNumber>1</versionNumber><versionDateAndTime><date>00000000</date></versionDateAndTime></versionRevision></versionIdentifier><primarySystem>MX</primarySystem></businessObjectId></contractEventId></lastContractEventReference><lastContractEventAction>INSERT</lastContractEventAction><originContractEventReference mefClass=""><contractEventId><internalId>0</internalId></contractEventId></originContractEventReference><originDate>20201230</originDate><workflowParties><wopInitiator><role>SND</role><name>CLS</name><group>FO_ITF</group></wopInitiator><wopLastActor><role>SND</role><name>CLS</name><group>FO_ITF</group></wopLastActor><wopInternalTrader><name/><group/></wopInternalTrader><wopInternalPortfolio><wopIsBackToBack>N</wopIsBackToBack></wopInternalPortfolio><wopParties/></workflowParties></contractSource></contractHeader><inputConditions><inputBy/><areaCode>0</areaCode><timestamp>20201229 23:03:56:120</timestamp><modified>false</modified></inputConditions><contractComponents><contractComponent><typologyId>0</typologyId><tradeReference href="#trade_7881072"/></contractComponent></contractComponents><legalMasterAgreement/><legalMasterConfirmationAgreement/></contract></contracts><trades><trade mefClass="mxContractITRADE" mefClassInstanceType="90.000000" id="trade_7881072"><businessObjectId mefClass="mxContractITRADE" mefClassInstanceType="90"><identifier>7881072</identifier><baseIdentifier>7881072</baseIdentifier><versionIdentifier><versionRevision><versionNumber>2</versionNumber><versionDateAndTime><date>00000000</date></versionDateAndTime></versionRevision></versionIdentifier><primarySystem>MX</primarySystem></businessObjectId><parties><party id="RABOBANK"><partyName>RABOBANK</partyName><partyFullName>RABOBANK</partyFullName><partyCode>RABOBANK22</partyCode></party><party id="_1484"><partyName>CLS</partyName></party></parties><portfolios><portfolio id="UT_CLSIO"><portfolioLabel>UT_CLSIO</portfolioLabel></portfolio></portfolios><tradeHeader><tradeDate>20201230</tradeDate><tradeCategory><tradeDestination>external</tradeDestination><tradeFamily>SCF</tradeFamily><tradeGroup>SCF</tradeGroup><tradeType>SCF</tradeType><typology>IPIS_IN</typology><mainTypologyPath>/Typologies/ALL/IPIS_IN</mainTypologyPath><usage/><collateralAgreementCategory>UNCOLLATERALISED</collateralAgreementCategory><pricingCounterparty href="#_1484"/></tradeCategory><tradeSource><tradeOriginId>7881072</tradeOriginId><replacementDate>20201230</replacementDate><originPublishingSystemID>7881072</originPublishingSystemID></tradeSource><tradeViews><tradeView><partyReference href="#RABOBANK"><portfolioReference href="#UT_CLSIO"/></partyReference><userName>CLS</userName><accountingSection>FVTPL</accountingSection><entity>EUROPE_EUR</entity><legalEntity>CRUA-UT</legalEntity><tradeId><tradeInternalId>7881072</tradeInternalId><hostingSystem>MX</hostingSystem><publishingSystemID>7881072</publishingSystemID></tradeId><comments><comment index="0">BCOMMENT0</comment></comments></tradeView><tradeView><partyReference href="#_1484"/><entity>EUROPE_EUR</entity><comments><comment index="0">SCOMMENT0</comment></comments></tradeView></tradeViews><tradeUserDefinedFields><userDefinedField><fieldLabel>ADDR_TYPE</fieldLabel><fieldIndex>0</fieldIndex><fieldValue>NONE</fieldValue><fieldType>character</fieldType></userDefinedField><userDefinedField><fieldLabel>CONFIRMABL</fieldLabel><fieldIndex>5</fieldIndex><fieldValue>Y</fieldValue><fieldType>character</fieldType></userDefinedField><userDefinedField><fieldLabel>DIST_DESC</fieldLabel><fieldIndex>14</fieldIndex><fieldValue>Receive 58,799,945 HKD on 30 dec 2020</fieldValue><fieldType>character</fieldType></userDefinedField><userDefinedField><fieldLabel>DIST_TTL</fieldLabel><fieldIndex>16</fieldIndex><fieldValue>0</fieldValue><fieldType>numeric</fieldType></userDefinedField><userDefinedField><fieldLabel>IN_OUT</fieldLabel><fieldIndex>25</fieldIndex><fieldValue>IN</fieldValue><fieldType>character</fieldType></userDefinedField><userDefinedField><fieldLabel>MIG_JOB_ID</fieldLabel><fieldIndex>30</fieldIndex><fieldValue>0</fieldValue><fieldType>numeric</fieldType></userDefinedField><userDefinedField><fieldLabel>MRG_VAL</fieldLabel><fieldIndex>32</fieldIndex><fieldValue>0.</fieldValue><fieldType>numeric</fieldType></userDefinedField><userDefinedField><fieldLabel>PENDING</fieldLabel><fieldIndex>38</fieldIndex><fieldValue>No</fieldValue><fieldType>character</fieldType></userDefinedField><userDefinedField><fieldLabel>PIS_HOUR</fieldLabel><fieldIndex>40</fieldIndex><fieldValue>10:00</fieldValue><fieldType>character</fieldType></userDefinedField><userDefinedField><fieldLabel>PIS_TYPE</fieldLabel><fieldIndex>41</fieldIndex><fieldValue>IPIS</fieldValue><fieldType>character</fieldType></userDefinedField><userDefinedField><fieldLabel>SCF_TYPE</fieldLabel><fieldIndex>42</fieldIndex><fieldValue>CLS Mirror</fieldValue><fieldType>character</fieldType></userDefinedField><userDefinedField><fieldLabel>STLS_ID</fieldLabel><fieldIndex>43</fieldIndex><fieldValue>MAIN</fieldValue><fieldType>character</fieldType></userDefinedField><userDefinedField><fieldLabel>TRD_LCL_TS</fieldLabel><fieldIndex>44</fieldIndex><fieldValue>29-DEC-2020 23:03:56:173</fieldValue><fieldType>character</fieldType></userDefinedField></tradeUserDefinedFields><tradeFees/><tradeAgreements><paymentNetting>true</paymentNetting></tradeAgreements><contractReference mefClass="mxContractISINGLE"><businessObjectId mefClass="mxContractISINGLE" mefClassInstanceType="90"><identifier>7329971</identifier><primarySystem>MX</primarySystem></businessObjectId><contractId><internalId>7329971</internalId><rootContract>7329971</rootContract></contractId></contractReference><tradeProcessing><nonUnwoundRatio>0</nonUnwoundRatio><remainingLiveQuantity>0</remainingLiveQuantity></tradeProcessing><tradeAccountingInfo><tradeHedging><hedgedTransactionSold>false</hedgedTransactionSold></tradeHedging></tradeAccountingInfo></tradeHeader><tradeBody><simpleCashFlows><plInstrument>HKD</plInstrument><plInstrumentFamily>Currency</plInstrumentFamily><defaultCurrency>HKD</defaultCurrency><flows><flow><payerPartyReference href="#_1484"/><receiverPartyReference href="#RABOBANK"><portfolioReference href="#UT_CLSIO"/></receiverPartyReference><date>20201230</date><currency>HKD</currency><flowType>C</flowType><amount>58799945.5</amount><comment/><flowTypologies><flowTypology><label>Typology0</label><value>CAP</value></flowTypology><flowTypology><label>Typology1</label><value>STL</value></flowTypology><flowTypology><label>Typology2</label><value/></flowTypology><flowTypology><label>Typology3</label><value/></flowTypology><flowTypology><label>Typology4</label><value>INT</value></flowTypology><flowDescription/></flowTypologies></flow></flows></simpleCashFlows></tradeBody><settlementInstructions><settlementInstruction><settlementInstructionKey><partyReference href="#_1484"/><flowSign>Credit</flowSign><flowCurrency>HKD</flowCurrency><flowNature>Capital</flowNature><settlementType>Cash</settlementType><flowTypologies><flowTypology><label>Typology0</label><value/></flowTypology><flowTypology><label>Typology1</label><value/></flowTypology><flowTypology><label>Typology2</label><value/></flowTypology><flowTypology><label>Typology3</label><value/></flowTypology><flowTypology><label>Typology4</label><value/></flowTypology></flowTypologies><physicalProductLabel/><locationLabel/><portfolio>UT_CLSIO</portfolio></settlementInstructionKey><settlementInstructionDescription><flowConversion>false</flowConversion><nostroReferenceId>75768</nostroReferenceId><specificNostro>false</specificNostro><customizedNostro>false</customizedNostro><nostroMatchingRulesCount>3</nostroMatchingRulesCount><vostroReferenceId>80254</vostroReferenceId><specificVostro>false</specificVostro><customizedVostro>false</customizedVostro><vostroMatchingRulesCount>1</vostroMatchingRulesCount><date>20201230</date></settlementInstructionDescription><nostroInstructions><userDefinedField><fieldLabel>CHARG_TYPE</fieldLabel><fieldIndex>12</fieldIndex><fieldValue>SHA</fieldValue><fieldType>character</fieldType></userDefinedField><userDefinedField><fieldLabel>CORR_DR_DB</fieldLabel><fieldIndex>14</fieldIndex><fieldValue>N</fieldValue><fieldType>character</fieldType></userDefinedField><userDefinedField><fieldLabel>COVR_MSG</fieldLabel><fieldIndex>15</fieldIndex><fieldValue>F</fieldValue><fieldType>character</fieldType></userDefinedField><userDefinedField><fieldLabel>CSNOTREC</fieldLabel><fieldIndex>16</fieldIndex><fieldValue>N</fieldValue><fieldType>character</fieldType></userDefinedField><userDefinedField><fieldLabel>CSNS_ACC</fieldLabel><fieldIndex>17</fieldIndex><fieldValue>502-690506-001</fieldValue><fieldType>character</fieldType></userDefinedField><userDefinedField><fieldLabel>CSNS_LBL</fieldLabel><fieldIndex>18</fieldIndex><fieldValue>CTP_1614</fieldValue><fieldType>character</fieldType></userDefinedField><userDefinedField><fieldLabel>CSNS_SWF</fieldLabel><fieldIndex>19</fieldIndex><fieldValue>BSHCHKHHHKH</fieldValue><fieldType>character</fieldType></userDefinedField><userDefinedField><fieldLabel>CUT_OFF</fieldLabel><fieldIndex>20</fieldIndex><fieldValue>23:59</fieldValue><fieldType>character</fieldType></userDefinedField><userDefinedField><fieldLabel>REL_TIME</fieldLabel><fieldIndex>46</fieldIndex><fieldValue>00:00</fieldValue><fieldType>character</fieldType></userDefinedField><userDefinedField><fieldLabel>REL_TZ</fieldLabel><fieldIndex>47</fieldIndex><fieldValue>Europe/Amsterdam</fieldValue><fieldType>character</fieldType></userDefinedField><userDefinedField><fieldLabel>STL_WAY</fieldLabel><fieldIndex>67</fieldIndex><fieldValue>SWIFT</fieldValue><fieldType>character</fieldType></userDefinedField></nostroInstructions><vostroInstructions><userDefinedField><fieldLabel>BEN_ADR</fieldLabel><fieldIndex>7</fieldIndex><fieldValue>Croeselaan 18</fieldValue><fieldType>character</fieldType></userDefinedField><userDefinedField><fieldLabel>BEN_CTY</fieldLabel><fieldIndex>8</fieldIndex><fieldValue> US</fieldValue><fieldType>character</fieldType></userDefinedField><userDefinedField><fieldLabel>BEN_LBL</fieldLabel><fieldIndex>9</fieldIndex><fieldValue>CRUA-UT</fieldValue><fieldType>character</fieldType></userDefinedField><userDefinedField><fieldLabel>BEN_SWF</fieldLabel><fieldIndex>10</fieldIndex><fieldValue>RABONL2UCLS</fieldValue><fieldType>character</fieldType></userDefinedField><userDefinedField><fieldLabel>CALLBACK</fieldLabel><fieldIndex>11</fieldIndex><fieldValue>SSI to do settlement towards CLS</fieldValue><fieldType>character</fieldType></userDefinedField><userDefinedField><fieldLabel>CHARG_TYPE</fieldLabel><fieldIndex>12</fieldIndex><fieldValue>SHA</fieldValue><fieldType>character</fieldType></userDefinedField><userDefinedField><fieldLabel>CORR_DR_DB</fieldLabel><fieldIndex>14</fieldIndex><fieldValue>N</fieldValue><fieldType>character</fieldType></userDefinedField><userDefinedField><fieldLabel>CSNOTREC</fieldLabel><fieldIndex>16</fieldIndex><fieldValue>Y</fieldValue><fieldType>character</fieldType></userDefinedField><userDefinedField><fieldLabel>DRCT_PARTI</fieldLabel><fieldIndex>21</fieldIndex><fieldValue>N/A</fieldValue><fieldType>character</fieldType></userDefinedField><userDefinedField><fieldLabel>INT1_LBL</fieldLabel><fieldIndex>24</fieldIndex><fieldValue>CLS</fieldValue><fieldType>character</fieldType></userDefinedField><userDefinedField><fieldLabel>INT1_SWF</fieldLabel><fieldIndex>25</fieldIndex><fieldValue>SLCBUS33XXX</fieldValue><fieldType>character</fieldType></userDefinedField><userDefinedField><fieldLabel>SCCA_ACC</fieldLabel><fieldIndex>52</fieldIndex><fieldValue>N/A</fieldValue><fieldType>character</fieldType></userDefinedField><userDefinedField><fieldLabel>SCCA_LBL</fieldLabel><fieldIndex>53</fieldIndex><fieldValue>N/A</fieldValue><fieldType>character</fieldType></userDefinedField><userDefinedField><fieldLabel>SCCA_SWF</fieldLabel><fieldIndex>54</fieldIndex><fieldValue>N/A</fieldValue><fieldType>character</fieldType></userDefinedField><userDefinedField><fieldLabel>SCCC_ACC</fieldLabel><fieldIndex>55</fieldIndex><fieldValue>N/A</fieldValue><fieldType>character</fieldType></userDefinedField><userDefinedField><fieldLabel>SCCC_LBL</fieldLabel><fieldIndex>56</fieldIndex><fieldValue>N/A</fieldValue><fieldType>character</fieldType></userDefinedField><userDefinedField><fieldLabel>SCCC_SWF</fieldLabel><fieldIndex>57</fieldIndex><fieldValue>N/A</fieldValue><fieldType>character</fieldType></userDefinedField><userDefinedField><fieldLabel>SCOA_ACC</fieldLabel><fieldIndex>58</fieldIndex><fieldValue>N/A</fieldValue><fieldType>character</fieldType></userDefinedField><userDefinedField><fieldLabel>SCOA_LBL</fieldLabel><fieldIndex>59</fieldIndex><fieldValue>N/A</fieldValue><fieldType>character</fieldType></userDefinedField><userDefinedField><fieldLabel>SCOA_SWF</fieldLabel><fieldIndex>60</fieldIndex><fieldValue>N/A</fieldValue><fieldType>character</fieldType></userDefinedField><userDefinedField><fieldLabel>SCOC_ACC</fieldLabel><fieldIndex>61</fieldIndex><fieldValue>SCOC_ACC80254</fieldValue><fieldType>character</fieldType></userDefinedField><userDefinedField><fieldLabel>SCOC_LBL</fieldLabel><fieldIndex>62</fieldIndex><fieldValue>N/A</fieldValue><fieldType>character</fieldType></userDefinedField><userDefinedField><fieldLabel>SCOC_SWF</fieldLabel><fieldIndex>63</fieldIndex><fieldValue>N/A</fieldValue><fieldType>character</fieldType></userDefinedField><userDefinedField><fieldLabel>STL_WAY</fieldLabel><fieldIndex>67</fieldIndex><fieldValue>SWIFT</fieldValue><fieldType>character</fieldType></userDefinedField></vostroInstructions></settlementInstruction></settlementInstructions><confirmationInstructions/><tradeImpacts><tradeImpact mefClass="mxContractEventIIMPACT_CANCEL"><contractEventImpactHeader><contractEventImpactId><internalId>11275393</internalId></contractEventImpactId><contractEventImpactDate>20201230</contractEventImpactDate><version>2</version><cancelVersion>0</cancelVersion><contractEventReference mefClass="mxContractEventICANCEL"><contractEventId><internalId>27826482</internalId></contractEventId></contractEventReference></contractEventImpactHeader><tradeReference href="#trade_7881072"><tradeId><tradeInternalId>7881072</tradeInternalId><hostingSystem>MX</hostingSystem><publishingSystemID>7881072</publishingSystemID></tradeId></tradeReference><contractEventImpactDescription><impactQuantity>58799945.5</impactQuantity><impactQuantityIndex>0</impactQuantityIndex><impactType>2</impactType><impactSource>UT_CLSIO</impactSource><impactInitialQuantity>58799945.5</impactInitialQuantity></contractEventImpactDescription></tradeImpact></tradeImpacts><operations><operation><operationId>27826482</operationId></operation></operations><tradeInputConditions><inputBy><userName>CLS</userName></inputBy><systemDate>20201230</systemDate><computerDate>20201230</computerDate><validityDate>20201230</validityDate><computerTime>00:03:55</computerTime><areaCode>0</areaCode><lateTrading>earlyTrading</lateTrading><timestamp>20201229 23:03:56:120</timestamp><modified>false</modified><initialData/><executionTimestamp>2020-12-30T05:31:06.713</executionTimestamp></tradeInputConditions><tradeStatus><physicalStatus>dead</physicalStatus></tradeStatus><tradeVersions><tradeVersion><businessObjectId><identifier>7881072</identifier><baseIdentifier>7881072</baseIdentifier><versionIdentifier><versionRevision><versionNumber>1</versionNumber><versionDateAndTime><date>00000000</date></versionDateAndTime></versionRevision></versionIdentifier><primarySystem>MX</primarySystem></businessObjectId><contractEventReference mefClass=""><contractEventId><internalId>0</internalId></contractEventId></contractEventReference><eventVersion>0</eventVersion><contractEventOriginReference mefClass=""><contractEventId><internalId>0</internalId><businessObjectId><versionIdentifier><versionRevision><versionNumber>1</versionNumber><versionDateAndTime><date>00000000</date></versionDateAndTime></versionRevision></versionIdentifier><primarySystem>MX</primarySystem></businessObjectId></contractEventId></contractEventOriginReference><action>INSERT</action><date>20201230</date><validityDate>20201230</validityDate><timestamp>2020/12/29 23:03:56.120</timestamp><lateTrading>N</lateTrading><tradePurpose>MfBJy44236</tradePurpose><tradePurposeDisplayedLabel>Contract</tradePurposeDisplayedLabel><tradePurposeId>0</tradePurposeId><stpStatuses><stpStatus><stpStatusKey>STP_STATUS_VALIDATION_LEVEL</stpStatusKey><stpStatusValue>Matched</stpStatusValue></stpStatus><stpStatus><stpStatusKey>STP_STATUS</stpStatusKey><stpStatusValue/></stpStatus><stpStatus><stpStatusKey>STP_STATUS1</stpStatusKey><stpStatusValue/></stpStatus><stpStatus><stpStatusKey>STP_STATUS2</stpStatusKey><stpStatusValue/></stpStatus><stpStatus><stpStatusKey>STP_STATUS3</stpStatusKey><stpStatusValue>M</stpStatusValue></stpStatus><stpStatus><stpStatusKey>STP_STATUS4</stpStatusKey><stpStatusValue/></stpStatus></stpStatuses><isActive>true</isActive></tradeVersion><tradeVersion><businessObjectId><identifier>7881072</identifier><baseIdentifier>7881072</baseIdentifier><versionIdentifier><versionRevision><versionNumber>2</versionNumber><versionDateAndTime><date>00000000</date></versionDateAndTime></versionRevision></versionIdentifier><primarySystem>MX</primarySystem></businessObjectId><contractEventReference mefClass="mxContractEventICANCEL"><contractEventId><internalId>27826482</internalId><businessObjectId><identifier>27826482</identifier><baseIdentifier>27826482</baseIdentifier><versionIdentifier><versionRevision><versionNumber>1</versionNumber><versionDateAndTime><date>00000000</date></versionDateAndTime></versionRevision></versionIdentifier><primarySystem>MX</primarySystem></businessObjectId></contractEventId></contractEventReference><eventVersion>1</eventVersion><contractEventOriginReference mefClass="mxContractEventICANCEL"><contractEventId><internalId>27826482</internalId><businessObjectId><identifier>27826482</identifier><baseIdentifier>27826482</baseIdentifier><versionIdentifier><versionRevision><versionNumber>1</versionNumber><versionDateAndTime><date>00000000</date></versionDateAndTime></versionRevision></versionIdentifier><primarySystem>MX</primarySystem></businessObjectId></contractEventId></contractEventOriginReference><action>INSERT</action><date>20201230</date><validityDate>20201230</validityDate><timestamp>2020/12/30 05:31:06.713</timestamp><lateTrading>N</lateTrading><tradePurpose>MfBJy44236</tradePurpose><tradePurposeDisplayedLabel>Contract</tradePurposeDisplayedLabel><tradePurposeId>0</tradePurposeId><stpStatuses><stpStatus><stpStatusKey>STP_STATUS_VALIDATION_LEVEL</stpStatusKey><stpStatusValue/></stpStatus><stpStatus><stpStatusKey>STP_STATUS</stpStatusKey><stpStatusValue/></stpStatus><stpStatus><stpStatusKey>STP_STATUS1</stpStatusKey><stpStatusValue/></stpStatus><stpStatus><stpStatusKey>STP_STATUS2</stpStatusKey><stpStatusValue/></stpStatus><stpStatus><stpStatusKey>STP_STATUS3</stpStatusKey><stpStatusValue/></stpStatus><stpStatus><stpStatusKey>STP_STATUS4</stpStatusKey><stpStatusValue/></stpStatus></stpStatuses><isActive>true</isActive></tradeVersion></tradeVersions></trade></trades></MxML>