<?xml version="1.0" encoding="UTF-8"?><MxML version="1-1"><documentProperties><producedBy><partyName>RABOBANK</partyName><user><name>MUREXFO</name><group>FO</group><desk>FOD EUROPE</desk><code/></user></producedBy><systemDate>20210106</systemDate><accountingDate>00000000</accountingDate><computerDate>20210222</computerDate><computerTime>14:17:23</computerTime></documentProperties><contracts><contract mefClass="mxContractISINGLE" mefClassInstanceType="90.000000" mefClassInstanceLabel="Simple cash flow" id="contract_7330166"><businessObjectId mefClass="mxContractISINGLE" mefClassInstanceType="90"><identifier>7330166</identifier><baseIdentifier>7330166</baseIdentifier><versionIdentifier><versionRevision><versionNumber>1</versionNumber><versionDateAndTime><date>00000000</date></versionDateAndTime></versionRevision></versionIdentifier><primarySystem>MX</primarySystem></businessObjectId><contractId><internalId>7330166</internalId><rootContract>7330166</rootContract></contractId><regulatoryInformation><regulatoryIdentifiers><partyTradeIdentifier><issuer/><tradeId/></partyTradeIdentifier><centralCounterpartyId/></regulatoryIdentifiers><clearingEligibility>false</clearingEligibility><clearingMandatory>false</clearingMandatory><clearingDecision>false</clearingDecision><nettingEligibility customized="false">false</nettingEligibility></regulatoryInformation><contractBusinessObjectTemplate><businessObjectId><identifier>0</identifier><displayLabel/></businessObjectId></contractBusinessObjectTemplate><contractHeader><collateralAgreement><excludeFromPool>false</excludeFromPool></collateralAgreement><contractCategory><typology>SCF</typology><mainTypologyPath>/Typologies/ALL/SCF</mainTypologyPath><usage/><onshoreOffshore>NONE</onshoreOffshore><collateralAgreementCategory>UNCOLLATERALISED</collateralAgreementCategory><pricingCounterparty/></contractCategory><contractAgreements><settlementMethod/></contractAgreements><contractSource><sourceSystem>Theoretical</sourceSystem><sourceModule>mx.sellDown</sourceModule><originPublishingSystem>MX</originPublishingSystem><publishingSystem>MX</publishingSystem><packageReference mefClass=""/><contractEventReference mefClass=""><contractEventId><internalId>0</internalId></contractEventId></contractEventReference><contractCreatorReference mefClass=""/><contractOriginReference mefClass="mxContractISINGLE"><businessObjectId mefClass="mxContractISINGLE" mefClassInstanceType="90"><identifier>7330166</identifier><primarySystem>MX</primarySystem></businessObjectId><contractId><internalId>7330166</internalId><rootContract>7330166</rootContract></contractId></contractOriginReference><version>1</version><lastContractEventReference mefClass=""><contractEventId><internalId>0</internalId></contractEventId></lastContractEventReference><lastContractEventAction>INSERT</lastContractEventAction><originContractEventReference mefClass=""><contractEventId><internalId>0</internalId></contractEventId></originContractEventReference><originDate>20201229</originDate><workflowParties><wopInitiator><role/><name>SYS_MUREX1</name><group>SYS_MO</group></wopInitiator><wopLastActor><role/><name>SYS_MUREX1</name><group>SYS_MO</group></wopLastActor><wopInternalTrader><name/><group/></wopInternalTrader><wopInternalPortfolio><wopIsBackToBack>N</wopIsBackToBack></wopInternalPortfolio><wopParties/></workflowParties></contractSource></contractHeader><inputConditions><inputBy/><areaCode>0</areaCode><timestamp>20201229 23:41:17:180</timestamp><modified>false</modified></inputConditions><contractComponents><contractComponent><typologyId>0</typologyId><tradeReference href="#trade_7881261"/></contractComponent></contractComponents><legalMasterAgreement/><legalMasterConfirmationAgreement/></contract></contracts><trades><trade mefClass="mxContractITRADE" mefClassInstanceType="90.000000" id="trade_7881261"><businessObjectId mefClass="mxContractITRADE" mefClassInstanceType="90"><identifier>7881261</identifier><baseIdentifier>7881261</baseIdentifier><versionIdentifier><versionRevision><versionNumber>1</versionNumber><versionDateAndTime><date>00000000</date></versionDateAndTime></versionRevision></versionIdentifier><primarySystem>MX</primarySystem></businessObjectId><parties><party id="RABOBANK"><partyName>RABOBANK</partyName><partyFullName>RABOBANK</partyFullName><partyCode>RABOBANK22</partyCode></party></parties><portfolios><portfolio id="NYFXSP_TRAD2_UT"><portfolioLabel>NYFXSP_TRAD2_UT</portfolioLabel></portfolio><portfolio id="NYFXSP_REVAL_UT"><portfolioLabel>NYFXSP_REVAL_UT</portfolioLabel></portfolio></portfolios><tradeHeader><tradeDate>20201229</tradeDate><tradeCategory><tradeDestination>internal</tradeDestination><tradeFamily>SCF</tradeFamily><tradeGroup>SCF</tradeGroup><tradeType>SCF</tradeType><typology>SCF</typology><mainTypologyPath>/Typologies/ALL/SCF</mainTypologyPath><usage/><collateralAgreementCategory>UNCOLLATERALISED</collateralAgreementCategory><pricingCounterparty/></tradeCategory><tradeSource><tradeOriginId>7881261</tradeOriginId><replacementDate>20201229</replacementDate><originPublishingSystemID>7881261</originPublishingSystemID></tradeSource><tradeViews><tradeView><partyReference href="#RABOBANK"><portfolioReference href="#NYFXSP_TRAD2_UT"/></partyReference><userName>SYS_MUREX1</userName><accountingSection>FVTPL</accountingSection><entity>NA_USD</entity><legalEntity>CRUA-UT</legalEntity><tradeId><tradeInternalId>7881261</tradeInternalId><hostingSystem>MX</hostingSystem><publishingSystemID>7881261</publishingSystemID></tradeId><comments><comment index="0">BCOMMENT0</comment><comment index="2">SELLDOWN</comment></comments></tradeView><tradeView><partyReference href="#RABOBANK"><portfolioReference href="#NYFXSP_REVAL_UT"/></partyReference><userName>SYS_MUREX1</userName><accountingSection>FVTPL</accountingSection><entity>NA_USD</entity><legalEntity>CRUA-UT</legalEntity><tradeId><tradeInternalId>7881261</tradeInternalId><hostingSystem>MX</hostingSystem><publishingSystemID>7881261</publishingSystemID></tradeId><comments><comment index="0">SCOMMENT0</comment><comment index="2">SELLDOWN</comment></comments></tradeView></tradeViews><tradeUserDefinedFields><userDefinedField><fieldLabel>ADDR_TYPE</fieldLabel><fieldIndex>0</fieldIndex><fieldValue>NONE</fieldValue><fieldType>character</fieldType></userDefinedField><userDefinedField><fieldLabel>CONFIRMABL</fieldLabel><fieldIndex>5</fieldIndex><fieldValue>Y</fieldValue><fieldType>character</fieldType></userDefinedField><userDefinedField><fieldLabel>DIST_DESC</fieldLabel><fieldIndex>14</fieldIndex><fieldValue>Receive 0 USD on 31 dec 2020</fieldValue><fieldType>character</fieldType></userDefinedField><userDefinedField><fieldLabel>DIST_TTL</fieldLabel><fieldIndex>16</fieldIndex><fieldValue>0</fieldValue><fieldType>numeric</fieldType></userDefinedField><userDefinedField><fieldLabel>MIG_JOB_ID</fieldLabel><fieldIndex>30</fieldIndex><fieldValue>0</fieldValue><fieldType>numeric</fieldType></userDefinedField><userDefinedField><fieldLabel>MRG_VAL</fieldLabel><fieldIndex>32</fieldIndex><fieldValue>0.</fieldValue><fieldType>numeric</fieldType></userDefinedField><userDefinedField><fieldLabel>PENDING</fieldLabel><fieldIndex>38</fieldIndex><fieldValue>No</fieldValue><fieldType>character</fieldType></userDefinedField><userDefinedField><fieldLabel>TRD_LCL_TS</fieldLabel><fieldIndex>44</fieldIndex><fieldValue>29-DEC-2020 23:41:17:200</fieldValue><fieldType>character</fieldType></userDefinedField></tradeUserDefinedFields><tradeFees/><tradeAgreements><paymentNetting>false</paymentNetting></tradeAgreements><contractReference mefClass="mxContractISINGLE"><businessObjectId mefClass="mxContractISINGLE" mefClassInstanceType="90"><identifier>7330166</identifier><primarySystem>MX</primarySystem></businessObjectId><contractId><internalId>7330166</internalId><rootContract>7330166</rootContract></contractId></contractReference><tradeProcessing><nonUnwoundRatio>1</nonUnwoundRatio><remainingLiveQuantity>0.037867</remainingLiveQuantity></tradeProcessing><tradeAccountingInfo><tradeHedging><hedgedTransactionSold>false</hedgedTransactionSold></tradeHedging></tradeAccountingInfo></tradeHeader><tradeBody><simpleCashFlows><plInstrument>NOK</plInstrument><plInstrumentFamily>Currency</plInstrumentFamily><defaultCurrency>USD</defaultCurrency><flows><flow><payerPartyReference href="#RABOBANK"><portfolioReference href="#NYFXSP_REVAL_UT"/></payerPartyReference><receiverPartyReference href="#RABOBANK"><portfolioReference href="#NYFXSP_TRAD2_UT"/></receiverPartyReference><date>20201231</date><currency>USD</currency><flowType>C</flowType><amount>0.03786675</amount><comment/><flowTypologies><flowTypology><label>Typology0</label><value/></flowTypology><flowTypology><label>Typology1</label><value/></flowTypology><flowTypology><label>Typology2</label><value/></flowTypology><flowTypology><label>Typology3</label><value/></flowTypology><flowTypology><label>Typology4</label><value/></flowTypology><flowDescription/></flowTypologies></flow></flows></simpleCashFlows></tradeBody><confirmationInstructions/><tradeInputConditions><inputBy><userName>SYS_MUREX1</userName><partyReference href="#RABOBANK"><portfolioReference href="#NYFXSP_TRAD2_UT"/></partyReference></inputBy><systemDate>20201229</systemDate><computerDate>20201229</computerDate><validityDate>20201229</validityDate><computerTime>00:40:19</computerTime><areaCode>0</areaCode><lateTrading>earlyTrading</lateTrading><timestamp>20201229 23:41:17:180</timestamp><modified>false</modified><initialData/><executionTimestamp>2020-12-29T23:41:17.180</executionTimestamp></tradeInputConditions><tradeStatus><physicalStatus>dead</physicalStatus></tradeStatus><tradeVersions><tradeVersion><businessObjectId><identifier>7881261</identifier><baseIdentifier>7881261</baseIdentifier><versionIdentifier><versionRevision><versionNumber>1</versionNumber><versionDateAndTime><date>00000000</date></versionDateAndTime></versionRevision></versionIdentifier><primarySystem>MX</primarySystem></businessObjectId><contractEventReference mefClass=""><contractEventId><internalId>0</internalId></contractEventId></contractEventReference><eventVersion>0</eventVersion><contractEventOriginReference mefClass=""><contractEventId><internalId>0</internalId><businessObjectId><versionIdentifier><versionRevision><versionNumber>1</versionNumber><versionDateAndTime><date>00000000</date></versionDateAndTime></versionRevision></versionIdentifier><primarySystem>MX</primarySystem></businessObjectId></contractEventId></contractEventOriginReference><action>INSERT</action><date>20201229</date><validityDate>20201229</validityDate><timestamp>2020/12/29 23:41:17.180</timestamp><lateTrading>N</lateTrading><tradePurpose>MfBJy44236</tradePurpose><tradePurposeDisplayedLabel>Contract</tradePurposeDisplayedLabel><tradePurposeId>0</tradePurposeId><stpStatuses><stpStatus><stpStatusKey>STP_STATUS_VALIDATION_LEVEL</stpStatusKey><stpStatusValue/></stpStatus><stpStatus><stpStatusKey>STP_STATUS</stpStatusKey><stpStatusValue/></stpStatus><stpStatus><stpStatusKey>STP_STATUS1</stpStatusKey><stpStatusValue/></stpStatus><stpStatus><stpStatusKey>STP_STATUS2</stpStatusKey><stpStatusValue/></stpStatus><stpStatus><stpStatusKey>STP_STATUS3</stpStatusKey><stpStatusValue/></stpStatus><stpStatus><stpStatusKey>STP_STATUS4</stpStatusKey><stpStatusValue/></stpStatus></stpStatuses><isActive>true</isActive></tradeVersion></tradeVersions></trade></trades></MxML>