<?xml version="1.0" encoding="UTF-8"?><MxML version="1-1"><documentProperties><producedBy><partyName>RABOBANK</partyName><user><name>MUREXFO</name><group>FO</group><desk>FOD EUROPE</desk><code/></user></producedBy><systemDate>20210106</systemDate><accountingDate>00000000</accountingDate><computerDate>20210222</computerDate><computerTime>15:17:20</computerTime></documentProperties><contracts><contract mefClass="mxContractISINGLE" mefClassInstanceType="77.000000" mefClassInstanceLabel="Spot-Forward" id="contract_7392517"><businessObjectId mefClass="mxContractISINGLE" mefClassInstanceType="77"><identifier>7392517</identifier><baseIdentifier>7392517</baseIdentifier><versionIdentifier><versionRevision><versionNumber>1</versionNumber><versionDateAndTime><date>00000000</date></versionDateAndTime></versionRevision></versionIdentifier><primarySystem>MX</primarySystem></businessObjectId><contractId><internalId>7392517</internalId><rootContract>7392517</rootContract></contractId><regulatoryInformation><regulatoryIdentifiers><partyTradeIdentifier><issuer/><tradeId/></partyTradeIdentifier><centralCounterpartyId/></regulatoryIdentifiers><clearingEligibility>false</clearingEligibility><clearingMandatory>false</clearingMandatory><clearingDecision>false</clearingDecision><nettingEligibility customized="false">false</nettingEligibility></regulatoryInformation><contractBusinessObjectTemplate><businessObjectId><identifier>0</identifier><displayLabel/></businessObjectId></contractBusinessObjectTemplate><contractHeader><collateralAgreement><excludeFromPool>false</excludeFromPool></collateralAgreement><contractCategory><typology>Spot</typology><mainTypologyPath>/Typologies/ALL/Spot</mainTypologyPath><usage>DEFAULT</usage><onshoreOffshore>NONE</onshoreOffshore><collateralAgreementCategory>UNCOLLATERALISED</collateralAgreementCategory><pricingCounterparty/></contractCategory><contractAgreements><settlementMethod/></contractAgreements><contractSource><sourceSystem>Theoretical</sourceSystem><sourceModule>mx.sellDown</sourceModule><originPublishingSystem>MX</originPublishingSystem><publishingSystem>MX</publishingSystem><packageReference mefClass=""/><contractEventReference mefClass=""><contractEventId><internalId>0</internalId></contractEventId></contractEventReference><contractCreatorReference mefClass=""/><contractOriginReference mefClass="mxContractISINGLE"><businessObjectId mefClass="mxContractISINGLE" mefClassInstanceType="77"><identifier>7392517</identifier><primarySystem>MX</primarySystem></businessObjectId><contractId><internalId>7392517</internalId><rootContract>7392517</rootContract></contractId></contractOriginReference><version>1</version><lastContractEventReference mefClass=""><contractEventId><internalId>0</internalId></contractEventId></lastContractEventReference><lastContractEventAction>INSERT</lastContractEventAction><originContractEventReference mefClass=""><contractEventId><internalId>0</internalId></contractEventId></originContractEventReference><originDate>20210105</originDate><workflowParties><wopInitiator><role/><name>SYS_MUREX1</name><group>SYS_MO</group></wopInitiator><wopLastActor><role/><name>SYS_MUREX1</name><group>SYS_MO</group></wopLastActor><wopInternalTrader><name/><group/></wopInternalTrader><wopInternalPortfolio><wopIsBackToBack>N</wopIsBackToBack></wopInternalPortfolio><wopParties/></workflowParties></contractSource></contractHeader><inputConditions><inputBy/><areaCode>0</areaCode><timestamp>20210105 18:52:53:996</timestamp><modified>false</modified></inputConditions><contractComponents><contractComponent><typologyId>0</typologyId><tradeReference href="#trade_7947128"/></contractComponent></contractComponents><legalMasterAgreement/><legalMasterConfirmationAgreement/></contract></contracts><trades><trade mefClass="mxContractITRADE" mefClassInstanceType="77.000000" id="trade_7947128"><businessObjectId mefClass="mxContractITRADE" mefClassInstanceType="77"><identifier>7947128</identifier><baseIdentifier>7947128</baseIdentifier><versionIdentifier><versionRevision><versionNumber>1</versionNumber><versionDateAndTime><date>00000000</date></versionDateAndTime></versionRevision></versionIdentifier><primarySystem>MX</primarySystem></businessObjectId><parties><party id="RABOBANK"><partyName>RABOBANK</partyName><partyFullName>RABOBANK</partyFullName><partyCode>RABOBANK22</partyCode></party></parties><portfolios><portfolio id="UTFXSP_REVAL"><portfolioLabel>UTFXSP_REVAL</portfolioLabel></portfolio><portfolio id="UTFXSP_LBB"><portfolioLabel>UTFXSP_LBB</portfolioLabel></portfolio></portfolios><tradeHeader><tradeDate>20210105</tradeDate><tradeCategory><tradeDestination>internal</tradeDestination><tradeFamily>CURR</tradeFamily><tradeGroup>FXD</tradeGroup><tradeType>FXD</tradeType><typology>Spot</typology><mainTypologyPath>/Typologies/ALL/Spot</mainTypologyPath><usage>DEFAULT</usage><collateralAgreementCategory>UNCOLLATERALISED</collateralAgreementCategory><pricingCounterparty/></tradeCategory><tradeSource><tradeOriginId>7947128</tradeOriginId><replacementDate>20210105</replacementDate><originPublishingSystemID>7947128</originPublishingSystemID></tradeSource><tradeViews><tradeView><partyReference href="#RABOBANK"><portfolioReference href="#UTFXSP_REVAL"/></partyReference><userName>SYS_MUREX1</userName><accountingSection>FVTPL</accountingSection><entity>EUROPE_EUR</entity><legalEntity>CRUA-UT</legalEntity><tradeId><tradeInternalId>7947128</tradeInternalId><hostingSystem>MX</hostingSystem><publishingSystemID>7947128</publishingSystemID></tradeId><comments><comment index="0">BCOMMENT0</comment><comment index="2">SELLDOWN</comment></comments></tradeView><tradeView><partyReference href="#RABOBANK"><portfolioReference href="#UTFXSP_LBB"/></partyReference><userName>SYS_MUREX1</userName><accountingSection>FVTPL</accountingSection><entity>EUROPE_EUR</entity><legalEntity>CRUA-UT</legalEntity><tradeId><tradeInternalId>7947128</tradeInternalId><hostingSystem>MX</hostingSystem><publishingSystemID>7947128</publishingSystemID></tradeId><comments><comment index="0">SCOMMENT0</comment><comment index="2">SELLDOWN</comment></comments></tradeView></tradeViews><tradeUserDefinedFields><userDefinedField><fieldLabel>ACTUA_SLOC</fieldLabel><fieldIndex>0</fieldIndex><fieldValue>NL</fieldValue><fieldType>character</fieldType></userDefinedField><userDefinedField><fieldLabel>ADDR_TYPE</fieldLabel><fieldIndex>1</fieldIndex><fieldValue>NONE</fieldValue><fieldType>character</fieldType></userDefinedField><userDefinedField><fieldLabel>BANK_MID</fieldLabel><fieldIndex>6</fieldIndex><fieldValue>0.</fieldValue><fieldType>numeric</fieldType></userDefinedField><userDefinedField><fieldLabel>BOB</fieldLabel><fieldIndex>9</fieldIndex><fieldValue>NL</fieldValue><fieldType>character</fieldType></userDefinedField><userDefinedField><fieldLabel>COM_HEDGE</fieldLabel><fieldIndex>30</fieldIndex><fieldValue>Y</fieldValue><fieldType>character</fieldType></userDefinedField><userDefinedField><fieldLabel>CONFIRMABL</fieldLabel><fieldIndex>31</fieldIndex><fieldValue>Y</fieldValue><fieldType>character</fieldType></userDefinedField><userDefinedField><fieldLabel>DELIV_TYPE</fieldLabel><fieldIndex>43</fieldIndex><fieldValue>CASH</fieldValue><fieldType>character</fieldType></userDefinedField><userDefinedField><fieldLabel>DIST_DESC</fieldLabel><fieldIndex>46</fieldIndex><fieldValue>Sell 22 EUR against MXN on 07 jan 2021 (spot) @ 24.4855</fieldValue><fieldType>character</fieldType></userDefinedField><userDefinedField><fieldLabel>DIST_TTL</fieldLabel><fieldIndex>48</fieldIndex><fieldValue>0</fieldValue><fieldType>numeric</fieldType></userDefinedField><userDefinedField><fieldLabel>EMMIDRATE</fieldLabel><fieldIndex>57</fieldIndex><fieldValue>0.</fieldValue><fieldType>numeric</fieldType></userDefinedField><userDefinedField><fieldLabel>EMUCOMRATE</fieldLabel><fieldIndex>60</fieldIndex><fieldValue>0.</fieldValue><fieldType>numeric</fieldType></userDefinedField><userDefinedField><fieldLabel>EURUSD</fieldLabel><fieldIndex>62</fieldIndex><fieldValue>1.2266</fieldValue><fieldType>numeric</fieldType></userDefinedField><userDefinedField><fieldLabel>EXEC_MIC</fieldLabel><fieldIndex>67</fieldIndex><fieldValue>RABO</fieldValue><fieldType>character</fieldType></userDefinedField><userDefinedField><fieldLabel>EXEC_TS</fieldLabel><fieldIndex>68</fieldIndex><fieldValue>2021-01-05T19:52:54.043000+01:00</fieldValue><fieldType>character</fieldType></userDefinedField><userDefinedField><fieldLabel>EXEC_TYPE</fieldLabel><fieldIndex>69</fieldIndex><fieldValue>NON-SEF</fieldValue><fieldType>character</fieldType></userDefinedField><userDefinedField><fieldLabel>EXEFRM_ID</fieldLabel><fieldIndex>70</fieldIndex><fieldValue>SYS_MUREX1</fieldValue><fieldType>character</fieldType></userDefinedField><userDefinedField><fieldLabel>EXTMIDRATE</fieldLabel><fieldIndex>71</fieldIndex><fieldValue>0.</fieldValue><fieldType>numeric</fieldType></userDefinedField><userDefinedField><fieldLabel>FIELD57_B1</fieldLabel><fieldIndex>74</fieldIndex><fieldValue>SSI</fieldValue><fieldType>character</fieldType></userDefinedField><userDefinedField><fieldLabel>FIELD57_B2</fieldLabel><fieldIndex>75</fieldIndex><fieldValue>SSI</fieldValue><fieldType>character</fieldType></userDefinedField><userDefinedField><fieldLabel>FINCOST</fieldLabel><fieldIndex>76</fieldIndex><fieldValue>0.</fieldValue><fieldType>numeric</fieldType></userDefinedField><userDefinedField><fieldLabel>FINCOSTCCY</fieldLabel><fieldIndex>77</fieldIndex><fieldValue>EUR</fieldValue><fieldType>character</fieldType></userDefinedField><userDefinedField><fieldLabel>FIXYESNO</fieldLabel><fieldIndex>80</fieldIndex><fieldValue>No</fieldValue><fieldType>character</fieldType></userDefinedField><userDefinedField><fieldLabel>FOWARNING</fieldLabel><fieldIndex>81</fieldIndex><fieldValue>/ / / / / / / / / /</fieldValue><fieldType>character</fieldType></userDefinedField><userDefinedField><fieldLabel>IND_CLIENT</fieldLabel><fieldIndex>85</fieldIndex><fieldValue>NON-CLIENT</fieldValue><fieldType>character</fieldType></userDefinedField><userDefinedField><fieldLabel>IND_SEC</fieldLabel><fieldIndex>86</fieldIndex><fieldValue>N</fieldValue><fieldType>character</fieldType></userDefinedField><userDefinedField><fieldLabel>IND_SHORT</fieldLabel><fieldIndex>87</fieldIndex><fieldValue>N</fieldValue><fieldType>character</fieldType></userDefinedField><userDefinedField><fieldLabel>INVCOST</fieldLabel><fieldIndex>89</fieldIndex><fieldValue>5.</fieldValue><fieldType>numeric</fieldType></userDefinedField><userDefinedField><fieldLabel>INVCOSTCCY</fieldLabel><fieldIndex>90</fieldIndex><fieldValue>EUR</fieldValue><fieldType>character</fieldType></userDefinedField><userDefinedField><fieldLabel>INVDEC_ID</fieldLabel><fieldIndex>91</fieldIndex><fieldValue>SYS_MUREX1</fieldValue><fieldType>character</fieldType></userDefinedField><userDefinedField><fieldLabel>IN_MRG_APP</fieldLabel><fieldIndex>92</fieldIndex><fieldValue>No</fieldValue><fieldType>character</fieldType></userDefinedField><userDefinedField><fieldLabel>LB_PROFIT</fieldLabel><fieldIndex>101</fieldIndex><fieldValue>0.</fieldValue><fieldType>numeric</fieldType></userDefinedField><userDefinedField><fieldLabel>LCL_MARGIN</fieldLabel><fieldIndex>102</fieldIndex><fieldValue>0.</fieldValue><fieldType>numeric</fieldType></userDefinedField><userDefinedField><fieldLabel>LIMITORDER</fieldLabel><fieldIndex>104</fieldIndex><fieldValue>No</fieldValue><fieldType>character</fieldType></userDefinedField><userDefinedField><fieldLabel>MARGN_AMNT</fieldLabel><fieldIndex>111</fieldIndex><fieldValue>0.</fieldValue><fieldType>numeric</fieldType></userDefinedField><userDefinedField><fieldLabel>MARGN_RATE</fieldLabel><fieldIndex>112</fieldIndex><fieldValue>0.</fieldValue><fieldType>numeric</fieldType></userDefinedField><userDefinedField><fieldLabel>MIG_JOB_ID</fieldLabel><fieldIndex>122</fieldIndex><fieldValue>0</fieldValue><fieldType>numeric</fieldType></userDefinedField><userDefinedField><fieldLabel>MRG_FLEG</fieldLabel><fieldIndex>124</fieldIndex><fieldValue>0.</fieldValue><fieldType>numeric</fieldType></userDefinedField><userDefinedField><fieldLabel>MRG_NLEG</fieldLabel><fieldIndex>127</fieldIndex><fieldValue>0.</fieldValue><fieldType>numeric</fieldType></userDefinedField><userDefinedField><fieldLabel>MRG_VAL</fieldLabel><fieldIndex>129</fieldIndex><fieldValue>0.</fieldValue><fieldType>numeric</fieldType></userDefinedField><userDefinedField><fieldLabel>NOM_DEN_FE</fieldLabel><fieldIndex>132</fieldIndex><fieldValue>0.</fieldValue><fieldType>numeric</fieldType></userDefinedField><userDefinedField><fieldLabel>NOM_DEN_NE</fieldLabel><fieldIndex>133</fieldIndex><fieldValue>0.</fieldValue><fieldType>numeric</fieldType></userDefinedField><userDefinedField><fieldLabel>NOM_NUM_FE</fieldLabel><fieldIndex>134</fieldIndex><fieldValue>0.</fieldValue><fieldType>numeric</fieldType></userDefinedField><userDefinedField><fieldLabel>NOM_NUM_NE</fieldLabel><fieldIndex>135</fieldIndex><fieldValue>0.</fieldValue><fieldType>numeric</fieldType></userDefinedField><userDefinedField><fieldLabel>O_PRICE</fieldLabel><fieldIndex>145</fieldIndex><fieldValue>0.</fieldValue><fieldType>numeric</fieldType></userDefinedField><userDefinedField><fieldLabel>O_PRICE1</fieldLabel><fieldIndex>146</fieldIndex><fieldValue>0.</fieldValue><fieldType>numeric</fieldType></userDefinedField><userDefinedField><fieldLabel>PENDING</fieldLabel><fieldIndex>147</fieldIndex><fieldValue>No</fieldValue><fieldType>character</fieldType></userDefinedField><userDefinedField><fieldLabel>PRIN_AGE</fieldLabel><fieldIndex>150</fieldIndex><fieldValue>Principal</fieldValue><fieldType>character</fieldType></userDefinedField><userDefinedField><fieldLabel>REG_SPOT</fieldLabel><fieldIndex>155</fieldIndex><fieldValue>Yes</fieldValue><fieldType>character</fieldType></userDefinedField><userDefinedField><fieldLabel>SHORTDATED</fieldLabel><fieldIndex>159</fieldIndex><fieldValue>Yes</fieldValue><fieldType>character</fieldType></userDefinedField><userDefinedField><fieldLabel>SPECULATIV</fieldLabel><fieldIndex>160</fieldIndex><fieldValue>N</fieldValue><fieldType>character</fieldType></userDefinedField><userDefinedField><fieldLabel>SPOT_AMT</fieldLabel><fieldIndex>162</fieldIndex><fieldValue>0.</fieldValue><fieldType>numeric</fieldType></userDefinedField><userDefinedField><fieldLabel>TRAD_CAPA</fieldLabel><fieldIndex>168</fieldIndex><fieldValue>DEAL</fieldValue><fieldType>character</fieldType></userDefinedField><userDefinedField><fieldLabel>TRDA_ONSEF</fieldLabel><fieldIndex>170</fieldIndex><fieldValue>No</fieldValue><fieldType>character</fieldType></userDefinedField><userDefinedField><fieldLabel>TRD_LCL_TS</fieldLabel><fieldIndex>171</fieldIndex><fieldValue>05-JAN-2021 18:52:54:046</fieldValue><fieldType>character</fieldType></userDefinedField><userDefinedField><fieldLabel>TRD_ON_DCM</fieldLabel><fieldIndex>172</fieldIndex><fieldValue>No</fieldValue><fieldType>character</fieldType></userDefinedField><userDefinedField><fieldLabel>T_LOCATION</fieldLabel><fieldIndex>173</fieldIndex><fieldValue>NL</fieldValue><fieldType>character</fieldType></userDefinedField><userDefinedField><fieldLabel>UPI</fieldLabel><fieldIndex>174</fieldIndex><fieldValue>ForeignExchange:Spot</fieldValue><fieldType>character</fieldType></userDefinedField><userDefinedField><fieldLabel>USDCNH</fieldLabel><fieldIndex>175</fieldIndex><fieldValue>No</fieldValue><fieldType>character</fieldType></userDefinedField><userDefinedField><fieldLabel>USDFWD1</fieldLabel><fieldIndex>176</fieldIndex><fieldValue>0.</fieldValue><fieldType>numeric</fieldType></userDefinedField><userDefinedField><fieldLabel>USDFWD2</fieldLabel><fieldIndex>177</fieldIndex><fieldValue>0.</fieldValue><fieldType>numeric</fieldType></userDefinedField><userDefinedField><fieldLabel>USDPAIR1</fieldLabel><fieldIndex>178</fieldIndex><fieldValue>EUR-USD</fieldValue><fieldType>character</fieldType></userDefinedField><userDefinedField><fieldLabel>USDPAIR2</fieldLabel><fieldIndex>179</fieldIndex><fieldValue>USD-MXN</fieldValue><fieldType>character</fieldType></userDefinedField><userDefinedField><fieldLabel>USDSPOT1</fieldLabel><fieldIndex>180</fieldIndex><fieldValue>1.2266</fieldValue><fieldType>numeric</fieldType></userDefinedField><userDefinedField><fieldLabel>USDSPOT2</fieldLabel><fieldIndex>181</fieldIndex><fieldValue>19.9621</fieldValue><fieldType>numeric</fieldType></userDefinedField><userDefinedField><fieldLabel>U_EXEC_TS</fieldLabel><fieldIndex>195</fieldIndex><fieldValue>2021-01-05T19:52:54.043000+01:00</fieldValue><fieldType>character</fieldType></userDefinedField><userDefinedField><fieldLabel>VAAMT</fieldLabel><fieldIndex>198</fieldIndex><fieldValue>0.</fieldValue><fieldType>numeric</fieldType></userDefinedField><userDefinedField><fieldLabel>VAAMTCCY</fieldLabel><fieldIndex>199</fieldIndex><fieldValue>EUR</fieldValue><fieldType>character</fieldType></userDefinedField><userDefinedField><fieldLabel>VAR_NOTNL</fieldLabel><fieldIndex>200</fieldIndex><fieldValue>N</fieldValue><fieldType>character</fieldType></userDefinedField><userDefinedField><fieldLabel>VOICE_ELEC</fieldLabel><fieldIndex>201</fieldIndex><fieldValue>VOICE</fieldValue><fieldType>character</fieldType></userDefinedField><userDefinedField><fieldLabel>XVA_AMOUNT</fieldLabel><fieldIndex>202</fieldIndex><fieldValue>0</fieldValue><fieldType>numeric</fieldType></userDefinedField></tradeUserDefinedFields><tradeFees/><tradeAgreements><paymentNetting>false</paymentNetting></tradeAgreements><contractReference mefClass="mxContractISINGLE"><businessObjectId mefClass="mxContractISINGLE" mefClassInstanceType="77"><identifier>7392517</identifier><primarySystem>MX</primarySystem></businessObjectId><contractId><internalId>7392517</internalId><rootContract>7392517</rootContract></contractId></contractReference><tradeProcessing><nonUnwoundRatio>1</nonUnwoundRatio><remainingLiveQuantity>535.37217</remainingLiveQuantity></tradeProcessing><tradeAccountingInfo><tradeHedging><hedgedTransactionSold>false</hedgedTransactionSold></tradeHedging></tradeAccountingInfo></tradeHeader><tradeBody><fxSpotForward><currency1Flow><payerPartyReference href="#RABOBANK"><portfolioReference href="#UTFXSP_LBB"/></payerPartyReference><receiverPartyReference href="#RABOBANK"><portfolioReference href="#UTFXSP_REVAL"/></receiverPartyReference><date>20210107</date><currency>MXN</currency><amount>535.37217011</amount></currency1Flow><currency2Flow><payerPartyReference href="#RABOBANK"><portfolioReference href="#UTFXSP_REVAL"/></payerPartyReference><receiverPartyReference href="#RABOBANK"><portfolioReference href="#UTFXSP_LBB"/></receiverPartyReference><date>20210107</date><currency>EUR</currency><amount>21.86485515</amount></currency2Flow><exchangeRate><fxQuotation><currency1>MXN</currency1><currency2>EUR</currency2><fxQuoteBasis>currency1PerCurrency2</fxQuoteBasis><formFactor>1</formFactor></fxQuotation><rate>24.48551186</rate></exchangeRate><logicalSplit><splitSpots><exchangeRate><fxQuotation><currency1>MXN</currency1><currency2>USD</currency2><fxQuoteBasis>currency1PerCurrency2</fxQuoteBasis><formFactor>1</formFactor></fxQuotation><rate>19.9621</rate><date>20210107</date></exchangeRate><exchangeRate><fxQuotation><currency1>USD</currency1><currency2>EUR</currency2><fxQuoteBasis>currency1PerCurrency2</fxQuoteBasis><formFactor>1</formFactor></fxQuotation><rate>1.2266</rate><date>20210107</date></exchangeRate></splitSpots><splitPrices><exchangeRate><fxQuotation><currency1>MXN</currency1><currency2>USD</currency2><fxQuoteBasis>currency1PerCurrency2</fxQuoteBasis><formFactor>1</formFactor></fxQuotation><rate>19.9621</rate></exchangeRate><exchangeRate><fxQuotation><currency1>USD</currency1><currency2>EUR</currency2><fxQuoteBasis>currency1PerCurrency2</fxQuoteBasis><formFactor>1</formFactor></fxQuotation><rate>1.2266</rate></exchangeRate></splitPrices><splitTriangulation>Full</splitTriangulation></logicalSplit><fxAsianAverageRounding>Disabled</fxAsianAverageRounding><forwardDelivery>spot</forwardDelivery><spotDate>20210107</spotDate><fxSpot><fxQuotation><currency1>MXN</currency1><currency2>EUR</currency2><fxQuoteBasis>currency1PerCurrency2</fxQuoteBasis><formFactor>1</formFactor></fxQuotation><rate>24.4855118608</rate></fxSpot><fxQuantitiesInputMode>oneQuantity</fxQuantitiesInputMode><riskSection>EUR/MXN</riskSection></fxSpotForward></tradeBody><confirmationInstructions/><tradeInputConditions><inputBy><userName>SYS_MUREX1</userName><partyReference href="#RABOBANK"><portfolioReference href="#UTFXSP_REVAL"/></partyReference></inputBy><systemDate>20210105</systemDate><computerDate>20210105</computerDate><validityDate>20210105</validityDate><computerTime>19:52:53</computerTime><areaCode>0</areaCode><lateTrading>earlyTrading</lateTrading><timestamp>20210105 18:52:53:996</timestamp><modified>false</modified><initialData/><executionTimestamp>2021-01-05T18:52:53.996</executionTimestamp></tradeInputConditions><tradeStatus><physicalStatus>live</physicalStatus></tradeStatus><tradeVersions><tradeVersion><businessObjectId><identifier>7947128</identifier><baseIdentifier>7947128</baseIdentifier><versionIdentifier><versionRevision><versionNumber>1</versionNumber><versionDateAndTime><date>00000000</date></versionDateAndTime></versionRevision></versionIdentifier><primarySystem>MX</primarySystem></businessObjectId><contractEventReference mefClass=""><contractEventId><internalId>0</internalId></contractEventId></contractEventReference><eventVersion>0</eventVersion><contractEventOriginReference mefClass=""><contractEventId><internalId>0</internalId><businessObjectId><versionIdentifier><versionRevision><versionNumber>1</versionNumber><versionDateAndTime><date>00000000</date></versionDateAndTime></versionRevision></versionIdentifier><primarySystem>MX</primarySystem></businessObjectId></contractEventId></contractEventOriginReference><action>INSERT</action><date>20210105</date><validityDate>20210105</validityDate><timestamp>2021/01/05 18:52:53.996</timestamp><lateTrading>N</lateTrading><tradePurpose>MfBJy44236</tradePurpose><tradePurposeDisplayedLabel>Contract</tradePurposeDisplayedLabel><tradePurposeId>0</tradePurposeId><stpStatuses><stpStatus><stpStatusKey>STP_STATUS_VALIDATION_LEVEL</stpStatusKey><stpStatusValue/></stpStatus><stpStatus><stpStatusKey>STP_STATUS</stpStatusKey><stpStatusValue/></stpStatus><stpStatus><stpStatusKey>STP_STATUS1</stpStatusKey><stpStatusValue/></stpStatus><stpStatus><stpStatusKey>STP_STATUS2</stpStatusKey><stpStatusValue/></stpStatus><stpStatus><stpStatusKey>STP_STATUS3</stpStatusKey><stpStatusValue/></stpStatus><stpStatus><stpStatusKey>STP_STATUS4</stpStatusKey><stpStatusValue/></stpStatus></stpStatuses><isActive>true</isActive></tradeVersion></tradeVersions></trade></trades></MxML>